baseMean	log2FoldChange	lfcSE	stat	pvalue	padj
hsa-mir-139	282.979210862735	-3.33163318849992	0.110058125100546	-30.271578635891	2.71360554044874e-201	1.33238032036033e-198
hsa-mir-183	51574.5836380073	3.11546938991598	0.110592955957411	28.1705951608324	1.34079684559261e-174	3.29165625592987e-172
hsa-mir-486-1	721.464034212183	-5.40679307934437	0.22753420356025	-23.7625508373851	8.15034344709309e-125	1.33393954417424e-122
hsa-mir-145	7459.62115666447	-3.01268295014259	0.129143209564008	-23.3282335193117	2.29260036251739e-120	2.81416694499009e-118
hsa-mir-100	17425.1664999141	-2.91263875742176	0.138011532105652	-21.1043143495577	7.26000510820693e-99	7.1293250162592e-97
hsa-mir-190b	151.423473456521	5.69597208061946	0.282588461752005	20.1564212682475	2.36372449397358e-90	1.93431454423504e-88
hsa-mir-429	312.622282867547	2.06372062071348	0.102487751602223	20.1362659288616	3.551217560528e-90	2.49092546031321e-88
hsa-mir-486-2	607.126125678668	-4.73866843129502	0.241059925471302	-19.6576366728329	4.9736285253486e-86	3.0525645074327e-84
hsa-mir-96	121.311134244316	2.76546063868596	0.143421257794777	19.2820832923045	7.59549421331486e-83	4.143764065264e-81
hsa-mir-92b	453.866503418042	2.4418079096986	0.128495019950353	19.003132655585	1.60662647873759e-80	7.88853601060154e-79
hsa-mir-337	135.573782557637	-2.04352463816205	0.108269665569174	-18.8743968813354	1.85226310851225e-79	8.26782896617739e-78
hsa-mir-32	96.8280294066701	1.75873566063852	0.0975430169169936	18.030359488831	1.12557496860545e-72	4.60547757987731e-71
hsa-mir-141	5682.9446855598	1.91098675829439	0.114673037588121	16.6646563000992	2.36846131659743e-62	8.94549620345645e-61
hsa-mir-144	440.462773109253	-3.40393099520395	0.204611251960569	-16.6360889862495	3.81751805839035e-62	1.33702680552122e-60
hsa-mir-196a-2	1767.6289193674	3.98226598806871	0.239433433151611	16.6320381228761	4.08460327552308e-62	1.33702680552122e-60
hsa-mir-196a-1	2059.32414570401	4.33922190116021	0.263827076204066	16.4472197607341	8.78074090650297e-61	2.6945898656831e-59
hsa-mir-1301	53.5561152562052	2.22434426149181	0.136144871379359	16.3380686981136	5.29022160428732e-60	1.52794047512063e-58
hsa-mir-23a	11697.3007889922	-1.48537463410887	0.0937087459745519	-15.8509712051023	1.38424907380731e-56	3.77592386244104e-55
hsa-mir-181b-1	626.472030445537	1.37261545839125	0.0869624470842205	15.7840022264083	4.00939121863974e-56	1.03611109913269e-54
hsa-mir-335	347.194763053811	-1.82301832325286	0.116804996388123	-15.6073659485874	6.48599929529965e-55	1.59231282699606e-53
hsa-mir-200b	3039.09617069498	2.50652711023314	0.161517835393496	15.5185778965316	2.59743832603642e-54	6.07305818135183e-53
hsa-mir-184	221.888803048232	5.01689745586089	0.328236369995306	15.284404515967	9.71468990032599e-53	2.1681421550273e-51
hsa-mir-592	12.0970199475507	3.84472940788634	0.251768542075315	15.270888794106	1.19532694548658e-52	2.55176317493004e-51
hsa-mir-125b-2	1725.26610910561	-1.92196487443119	0.126202634704903	-15.2291977019757	2.26352088822468e-52	4.63078648382632e-51
hsa-mir-200a	3143.90095937048	1.94411358715565	0.129127467006497	15.0557711091617	3.16388661779415e-51	6.21387331734772e-50
hsa-mir-454	39.5655613954001	2.08320254178745	0.139434235680536	14.9403948866645	1.79905967301334e-50	3.39745499788288e-49
hsa-mir-451a	2964.98340619062	-3.73473066241058	0.250799286563961	-14.8913129442181	3.75326025101241e-50	6.82537327128553e-49
hsa-mir-4677	32.5913705530913	1.39863718641559	0.0961620522323602	14.5445854570159	6.32126115720511e-48	1.10847829578132e-46
hsa-mir-103a-2	52431.0128968359	2.3787591511247	0.165027212349216	14.4143448662938	4.20409402350687e-47	7.11796608807542e-46
hsa-let-7c	11519.8309305776	-2.05070814886966	0.143600894540293	-14.2806084560585	2.89066512760568e-46	4.73105525884797e-45
hsa-mir-193a	2075.84833387949	-1.73797968929189	0.124887399271338	-13.9163734646747	5.03827073331343e-44	7.97997074211901e-43
hsa-mir-181b-2	564.129922849538	1.26350311335843	0.091178415616899	13.8574804662898	1.14627620590645e-43	1.75881755343771e-42
hsa-mir-130b	70.1394829821357	1.38386483341202	0.0998852923451761	13.8545405526748	1.19418518800733e-43	1.77680281003516e-42
hsa-mir-4732	0.79375936746255	-3.69973288665079	0.268357867795446	-13.7865638784658	3.07039925889158e-43	4.43401775328167e-42
hsa-mir-195	178.202319310397	-1.2451487469503	0.0926180635879504	-13.4439082260439	3.34303424788174e-41	4.68979947345695e-40
hsa-mir-210	1377.44171072261	2.20405549541751	0.164515975101418	13.3972126053947	6.27768986592202e-41	8.56207145602142e-40
hsa-mir-3613	47.604535197897	1.98832069515021	0.152121272202363	13.070628889464	4.84632043357954e-39	6.43119819699339e-38
hsa-mir-495	27.8469695340724	-1.68879212128717	0.130063242462947	-12.9843919719923	1.5002485749436e-38	1.93847907972976e-37
hsa-mir-342	2243.14624511005	2.39330993308188	0.184867804719069	12.9460613042862	2.47321483127052e-38	3.11371405680468e-37
hsa-mir-301a	61.5295937026954	2.29916631096996	0.179303317228965	12.822776212411	1.22243793220529e-37	1.50054256178199e-36
hsa-mir-449a	21.3565178146676	5.74482479598326	0.453704396893929	12.6620434699608	9.59683165157712e-37	1.14927910754253e-35
hsa-mir-4668	30.548077828304	3.20324832754171	0.254656134489581	12.5787204536114	2.76471642645884e-36	3.23208515569355e-35
hsa-mir-191	4453.1376621841	1.99366769615444	0.158928711638103	12.5444148864318	4.26553325727559e-36	4.87064378912166e-35
hsa-mir-204	14.0932355702493	-2.31690218317272	0.185415888821418	-12.4957046448389	7.87950270526688e-36	8.60858321196693e-35
hsa-mir-493	43.2319363332104	1.67504303470287	0.134050613700928	12.4956013885916	7.88974021463365e-36	8.60858321196693e-35
hsa-mir-3065	196.399275246396	2.30795674634987	0.184791452843261	12.4895210835723	8.51647445457556e-36	9.09041077651435e-35
hsa-mir-340	91.872501311882	1.15768771523359	0.0938167793689416	12.3398791028724	5.52387637767517e-35	5.77068787540109e-34
hsa-mir-1269a	292.397396422243	7.0482024096312	0.5736766055165	12.2860202801637	1.07677882746418e-34	1.1014550089269e-33
hsa-mir-6511b-1	6.42434838688571	-2.13704619226642	0.176145594901437	-12.1322715646804	7.12453192597575e-34	7.13907178704917e-33
hsa-mir-6511b-2	6.89019101385835	-2.14637832557296	0.17839959201506	-12.0312961556088	2.43310672773083e-33	2.38931080663167e-32
hsa-mir-590	68.6837286746375	1.70213229190129	0.143763885492614	11.8397766314457	2.43099541456437e-32	2.34042891872766e-31
hsa-mir-182	140333.544357509	1.30476579884068	0.114463652926081	11.3989529906343	4.23177675051878e-30	3.99577381635523e-29
hsa-mir-497	120.417041227379	-1.54525839086531	0.136215995636934	-11.3441771918181	7.92683347808978e-30	7.34353818441903e-29
hsa-mir-33b	37.5971723411279	2.7246559603967	0.242179843039728	11.2505480480873	2.30157489960094e-29	2.09272828834085e-28
hsa-mir-551b	6.25730767871741	-2.19740752486197	0.195667576005473	-11.2303099456831	2.8946135729888e-29	2.58410048061364e-28
hsa-mir-17	2708.42778351402	1.86075768024503	0.165777188747965	11.2244494812491	3.0930674142738e-29	2.71195732215792e-28
hsa-mir-511	38.3252064550058	-2.05791922193687	0.183577617879888	-11.2100769456728	3.6387691916531e-29	3.13444854930118e-28
hsa-mir-26b	2754.36924110378	-1.25424838541574	0.113142441275184	-11.0855694050756	1.47409525163748e-28	1.24789787681725e-27
hsa-mir-203b	223.773013956704	2.67189431665393	0.24257168614405	11.0148647565868	3.24022859408105e-28	2.69652921981999e-27
hsa-mir-532	2375.64067497084	1.20157717955298	0.109140978231931	11.0094045244818	3.44271591610631e-28	2.817289191347e-27
hsa-mir-378c	20.092582788714	-1.56239422458761	0.142868776947443	-10.9358689699036	7.76583804854627e-28	6.25086308497741e-27
hsa-mir-937	17.3118569588301	3.06084324217028	0.282154321999992	10.8481175141112	2.03574871753459e-27	1.61218164566045e-26
hsa-mir-1277	10.6522927055231	3.4788101942386	0.320876092905224	10.8415998298325	2.18614172010792e-27	1.70380251519522e-26
hsa-mir-6892	8.47203287693361	-1.21076774340289	0.112584447898645	-10.7543072422657	5.65573836174843e-27	4.33901177440387e-26
hsa-mir-365b	377.554780315621	-1.07588054049036	0.100245310537305	-10.7324775066659	7.16490091686271e-27	5.41225592335321e-26
hsa-mir-3610	4.44426037359717	2.90799677121747	0.272684081782912	10.6643437057414	1.49450405309046e-26	1.11182043949608e-25
hsa-mir-4724	3.20336569774959	3.29529349782019	0.309454882601284	10.6487041668882	1.76809087024853e-26	1.29572032431646e-25
hsa-mir-142	10156.686154041	1.9884935191478	0.187400767598991	10.6109144835675	2.65141179016455e-26	1.91447527789822e-25
hsa-mir-326	43.4868674785333	-1.76458446152086	0.170276161339298	-10.3630740066114	3.65038074978498e-25	2.59758977991946e-24
hsa-mir-659	5.22404904914227	1.53154787306647	0.148295418136094	10.3276816796924	5.28217750322648e-25	3.70507022012029e-24
hsa-mir-651	13.7033106889212	2.10764157644565	0.204282242655589	10.3173019301489	5.88537700297521e-25	4.07002832177582e-24
hsa-mir-99a	2930.64194964885	-1.29671278943362	0.125711291860453	-10.3150064743035	6.02772458173677e-25	4.1105732911566e-24
hsa-mir-365a	384.382305579906	-1.07416108096876	0.104432955612752	-10.2856524041305	8.17862997380684e-25	5.50096892758789e-24
hsa-mir-187	284.546129549626	3.44083928703773	0.335127304948922	10.2672603402524	9.89754977774372e-25	6.56715802820563e-24
hsa-mir-3934	7.36006064200342	2.03594813879278	0.199240302100668	10.2185557707301	1.637624842065e-24	1.07209839660522e-23
hsa-mir-181a-1	4263.89690278707	1.39207359357426	0.136838202741752	10.1731356133159	2.61356912091582e-24	1.68850320838114e-23
hsa-mir-760	8.22362113272494	2.00651368453016	0.197314652293571	10.169106354782	2.72396264997079e-24	1.73696839108527e-23
hsa-mir-125b-1	1355.99024961378	-1.01636319416411	0.100078770011967	-10.1556323488245	3.12775926751776e-24	1.96888435942464e-23
hsa-mir-301b	4.20488769247177	2.79759632546206	0.277292385331811	10.0889763781808	6.18106929514815e-24	3.8416519290098e-23
hsa-mir-147b	8.33699874973521	3.55934620608841	0.352851376622983	10.0873808121529	6.28234195018152e-24	3.85578737192391e-23
hsa-mir-3677	51.362263914641	2.03524172868645	0.206530503481111	9.85443648459704	6.55835458431708e-23	3.97549642086381e-22
hsa-mir-5586	14.6868410603357	1.73282488044956	0.177875725893959	9.74177264346112	2.00034056786449e-22	1.19776490100179e-21
hsa-mir-3664	2.83983437569502	2.95010756712475	0.302963813544691	9.73749152616066	2.08640961289863e-22	1.23424954208823e-21
hsa-mir-106b	2273.65583364677	1.21623336251816	0.125818369336844	9.6665802372786	4.18116481130967e-22	2.44399038375363e-21
hsa-mir-5683	36.9719864376142	-1.89955891967329	0.197513965729678	-9.61733977977571	6.7555670478324e-22	3.90233343586554e-21
hsa-mir-188	8.92245140242977	1.66802199366188	0.173511709946207	9.61331079141005	7.02529603229515e-22	4.01095389750805e-21
hsa-mir-374b	220.140908548521	-1.05957801486147	0.110521005511184	-9.58711884641918	9.05790352174827e-22	5.11198922894069e-21
hsa-mir-126	13780.9209965794	-1.40332070374645	0.146413103605628	-9.58466605233899	9.27572248345895e-22	5.17543152202084e-21
hsa-mir-574	353.532046292675	-0.945584838635628	0.0988288606148173	-9.56790185329585	1.09097139211721e-21	6.01872981493875e-21
hsa-mir-181a-2	5397.10867077533	0.9021966446411	0.0943983828743485	9.55733156829596	1.20831943006952e-21	6.59205377960149e-21
hsa-mir-378a	1152.31107351254	-1.18202303466747	0.123956817203427	-9.53576464235637	1.48785021059881e-21	8.02785113630785e-21
hsa-mir-218-2	69.1774904093179	-0.980417553348998	0.103578821453958	-9.46542487727382	2.92370013530911e-21	1.56036605047475e-20
hsa-mir-33a	49.1566518194236	1.23042386458435	0.130062141420812	9.46027684261596	3.07128969838497e-21	1.62150886226561e-20
hsa-mir-18a	34.1934779320243	1.44845885119452	0.153343683478832	9.44583316595804	3.52587964898732e-21	1.84170947622636e-20
hsa-mir-148b	733.34142642179	1.23586429424505	0.130858348418995	9.44429078600268	3.57819203282509e-21	1.84936030328118e-20
hsa-mir-2114	6.37561872637118	3.82373403988007	0.405488019632785	9.4299556454045	4.10262419735745e-21	2.09832133427345e-20
hsa-mir-128-1	290.99933545417	1.04936297475908	0.112302255108227	9.3440953055466	9.26783733223701e-21	4.6912454949777e-20
hsa-mir-376c	28.9517807579136	-1.85910673014432	0.199103028018154	-9.33741062930898	9.8718776575033e-21	4.94601217330012e-20
hsa-mir-186	1084.60058849233	-1.0207778125113	0.109999520067717	-9.27983878368645	1.6973519128539e-20	8.4181796890027e-20
hsa-mir-15a	512.983880484413	0.961351639753411	0.103926561772061	9.25029774257239	2.2386818644674e-20	1.09919279545349e-19
hsa-mir-128-2	166.646039923076	0.739898516318296	0.0810523316378394	9.1286518397069	6.93575889050968e-20	3.37174021310916e-19
hsa-mir-155	1145.16725355341	0.861131130513861	0.0943698143215668	9.12506967089647	7.16901320015323e-20	3.45096615811298e-19
hsa-mir-421	12.4831547338029	1.72190211310749	0.189620652813953	9.08077304636719	1.07806405042287e-19	5.13912086172456e-19
hsa-mir-4501	6.57031147385877	3.90782566027191	0.430963616613307	9.06764633864279	1.21615568446747e-19	5.74165808724546e-19
hsa-mir-103a-1	35198.18248822	0.907975805811821	0.100704319597505	9.01625480854066	1.94629379285214e-19	9.10124049800382e-19
hsa-mir-1258	11.4089363285234	-2.54302935511891	0.282166795832925	-9.01250392560249	2.01404525482058e-19	9.32920962374439e-19
hsa-mir-377	14.6629452577452	-1.49670850859739	0.166679355263272	-8.97956742293204	2.71833373832639e-19	1.2473849210451e-18
hsa-mir-24-2	2484.76991146805	0.953081727136715	0.106220173503221	8.97269977729621	2.89333897945717e-19	1.31539762862359e-18
hsa-mir-26a-1	3874.23281825903	-1.05876533817	0.118740485349359	-8.91663306794556	4.80679088003807e-19	2.1652608459621e-18
hsa-mir-758	60.2010792662693	-0.851298513900221	0.0958724775490297	-8.87948799972195	6.71688107664316e-19	2.99817146239254e-18
hsa-mir-181c	352.145622637357	1.00213879579177	0.113895705630346	8.7987408326374	1.38359805806922e-18	6.12024005866654e-18
hsa-mir-151a	8644.70591879176	1.05765973626368	0.120462489472676	8.7799923519228	1.63485774957277e-18	7.16709959857349e-18
hsa-mir-7-1	127.148598749865	1.2663297125413	0.14443249719292	8.76762319528308	1.82477324471292e-18	7.92888197481453e-18
hsa-mir-378d-1	0.643637515148841	-2.06957184233509	0.236532058001466	-8.74964628398177	2.14022526301643e-18	9.21798775562338e-18
hsa-mir-3199-2	2.84140492686045	-1.21879315469907	0.139540781206017	-8.73431511680914	2.45136850665131e-18	1.04662777110069e-17
hsa-mir-4326	22.269925805051	1.8250281904055	0.209921440937588	8.69386272433267	3.50320920095274e-18	1.4828238945412e-17
hsa-mir-98	223.810684656149	0.9912536145282	0.114118882157282	8.68614900347538	3.7493305669196e-18	1.57343701569019e-17
hsa-mir-766	29.0269066066146	1.06539930363177	0.123626506137836	8.61788735211779	6.82007263107053e-18	2.83784378123359e-17
hsa-mir-671	29.0612872134344	0.948957687497343	0.11027617154339	8.60528321047094	7.61285557708066e-18	3.14110259524925e-17
hsa-mir-299	15.7080019159514	-1.41833630171425	0.165541449824802	-8.56786202618937	1.05424003278221e-17	4.31359880080052e-17
hsa-mir-3662	3.18946568910932	3.1667295612565	0.370166886210596	8.55486992279174	1.1800171855935e-17	4.7883341993918e-17
hsa-mir-3690-1	3.78970326503466	2.5370173987882	0.297747182515992	8.52071001092323	1.58578136448096e-17	6.38212008164056e-17
hsa-mir-1249	16.4613873463361	-1.88201562968569	0.221561764617867	-8.49431594359995	1.99102032136078e-17	7.9478941283589e-17
hsa-mir-205	12555.4658587889	-1.98594796552819	0.23418191155065	-8.48036448408037	2.24489568044144e-17	8.88906273465118e-17
hsa-mir-584	163.629449267976	-1.19262303504573	0.14121176837232	-8.44563487018485	3.02397485947825e-17	1.18781732480306e-16
hsa-mir-331	111.256046292533	0.881296271897395	0.104447884360093	8.43766513124435	3.2373956031144e-17	1.26155654057871e-16
hsa-mir-3614	12.6077226634441	1.27821351732486	0.152772379908182	8.36678408815181	5.92120528198243e-17	2.28922188460895e-16
hsa-mir-328	176.750654666314	-1.18179707574269	0.141663275731512	-8.34229668656321	7.28613704294221e-17	2.79491663131611e-16
hsa-mir-665	0.833473722193214	-1.27695713093269	0.154246755784701	-8.27866443243109	1.24564408076579e-16	4.74117243144189e-16
hsa-mir-7705	3.86209746958747	2.18730545080345	0.269081585856375	8.1287816252538	4.33626681900737e-16	1.63777462164047e-15
hsa-mir-1247	274.102429530847	-2.06178859882198	0.253686451769846	-8.12731064050879	4.38919527439967e-16	1.64511059521392e-15
hsa-mir-940	16.8979957100719	1.60262131673283	0.198805349537832	8.06125851471545	7.55129453435061e-16	2.80885273967132e-15
hsa-mir-891a	3.40545619881456	-1.35178382809942	0.167960970238399	-8.04820206849681	8.40191475682358e-16	3.10175950797021e-15
hsa-mir-203a	21479.3721916488	1.50943029405563	0.187947066707391	8.03114579279715	9.65665158535361e-16	3.53837009582733e-15
hsa-mir-133a-1	10.3847018344258	-1.91458574985467	0.238557004045129	-8.02569498019214	1.00952772891348e-15	3.6716897399742e-15
hsa-mir-654	76.4201475696121	-1.02124233767273	0.127506758584229	-8.00931926285398	1.15345115034082e-15	4.16429790306868e-15
hsa-mir-4746	15.1663693798105	1.78007550791858	0.226010218505928	7.8760841863081	3.37800677551092e-15	1.2106579027561e-14
hsa-mir-503	57.9903018815367	1.44142838971713	0.183174387338725	7.86915906016735	3.57033002411802e-15	1.27031307379851e-14
hsa-mir-769	98.7039702026986	0.755714288940691	0.0960685687181171	7.86640520437123	3.6497705375936e-15	1.28923549205644e-14
hsa-mir-6761	1.82593690052732	-1.1081348116318	0.140914492657487	-7.8638810723698	3.72411135401215e-15	1.30609905344283e-14
hsa-mir-1-1	44.3250117538473	-2.44130854043533	0.313056612815063	-7.79829730630073	6.27480386795525e-15	2.18505581501137e-14
hsa-mir-6716	2.03809503597448	-1.02214294935627	0.131114909795345	-7.79577967869338	6.40119903424277e-15	2.21337234212197e-14
hsa-mir-629	428.211154835026	0.735343140010069	0.0943897230464641	7.79050002772113	6.67445255832456e-15	2.29171762666948e-14
hsa-mir-3117	1.69658123837449	2.22999457350487	0.286956923812439	7.77118232199352	7.77568808544782e-15	2.651293645802e-14
hsa-mir-455	818.475956219708	1.21968738913011	0.157394005370375	7.74926202722888	9.24281193051874e-15	3.12980735026531e-14
hsa-mir-3200	14.9988153488334	1.60413653751402	0.208351635709054	7.69917899638698	1.36943228877897e-14	4.5958130260106e-14
hsa-mir-379	3690.09895102842	-1.30074346773068	0.168959024484978	-7.69857349553016	1.3759358754044e-14	4.5958130260106e-14
hsa-let-7i	1780.43769291415	0.592371936114353	0.077006278550161	7.69251478278475	1.44270805746298e-14	4.78628146090759e-14
hsa-mir-4446	1.4659100262479	2.69215533084875	0.351570657120072	7.65750860126334	1.89574655155026e-14	6.24705742826293e-14
hsa-mir-7156	2.58830859630064	2.41569974310804	0.317207638434647	7.61551567619561	2.62640761832861e-14	8.59710760399565e-14
hsa-mir-1262	5.85173726973885	-2.04674315305729	0.268872776284428	-7.61231085326442	2.69238048656204e-14	8.75469416491364e-14
hsa-mir-3150b	10.4319861183428	2.04951343104828	0.27045132912565	7.57812297567259	3.50590015053498e-14	1.13249800915308e-13
hsa-mir-2110	8.65235304456394	-1.17338608749947	0.155184067719588	-7.56125357932839	3.99203119467299e-14	1.28110282129702e-13
hsa-mir-19a	93.4443653695608	1.17302422633266	0.155446254132216	7.54617235957921	4.48236754004395e-14	1.4291184819231e-13
hsa-mir-1224	18.8234635557836	3.3691136746759	0.448694113826661	7.50870932079455	5.97131486620982e-14	1.89155845116711e-13
hsa-mir-411	19.6326878061532	-0.701461911632429	0.093479908337606	-7.50387889875837	6.19565468839864e-14	1.95004259743829e-13
hsa-mir-370	36.9304189405504	-0.96320569890851	0.12838957545206	-7.50221110644738	6.27502028520183e-14	1.96244264970325e-13
hsa-mir-3913-1	11.1792561263347	1.66642826447573	0.224053496527919	7.43763561069032	1.02503336620708e-13	3.18538849878275e-13
hsa-mir-181d	125.528400470575	1.39491546985314	0.187755931610105	7.42940826364853	1.090845701866e-13	3.36858641268054e-13
hsa-mir-3127	30.8257973045224	1.06694897752316	0.144133414972687	7.40250952719981	1.33634602750933e-13	4.10091187191927e-13
hsa-mir-494	6.30845295477335	-1.26407678281239	0.171268676792896	-7.38066531769237	1.57500474052453e-13	4.80327532669281e-13
hsa-mir-655	10.2945656533113	-1.20709733389807	0.165315911804805	-7.30176134117894	2.8402474498236e-13	8.60840430779868e-13
hsa-mir-675	204.279156834034	-1.48780215257094	0.204465252722845	-7.27655253280455	3.42458794309535e-13	1.03157833132504e-12
hsa-mir-485	11.865702877609	-0.556991460805506	0.0767741118600144	-7.25493851131867	4.01844343273781e-13	1.20308275943553e-12
hsa-mir-3170	5.83054530671025	1.27777838548861	0.176424113679143	7.24265157886787	4.39996239809691e-13	1.30932214391854e-12
hsa-mir-130a	247.804642331657	-0.772317700003275	0.107935355624867	-7.15537272779727	8.34458775002397e-13	2.46818830437456e-12
hsa-mir-676	1.81466018853028	-0.794998389786429	0.111780954394778	-7.11210951893221	1.14282514446284e-12	3.3600427900075e-12
hsa-mir-133b	1.20760628037755	-2.01279835229872	0.283821343645102	-7.09177937940981	1.32398466978758e-12	3.86950281467681e-12
hsa-mir-1266	58.9992509690038	1.05913105969356	0.150965197514143	7.01572996381726	2.28751483595071e-12	6.6264709598706e-12
hsa-mir-330	130.000538201165	0.921192580782179	0.131311629453181	7.01531604335648	2.29429748101426e-12	6.6264709598706e-12
hsa-mir-3074	41.5981081673502	0.93739938578474	0.135449985950162	6.92063110386477	4.49635971252045e-12	1.29106001102195e-11
hsa-mir-125a	4262.19623682637	-0.917976707774931	0.132709230187921	-6.91720317023195	4.60647227937775e-12	1.31498714486888e-11
hsa-mir-135b	44.7038040371686	1.74939574637841	0.254157151367173	6.88312619561554	5.85531121752251e-12	1.6618253224298e-11
hsa-mir-3199-1	0.963893070532302	-1.37592744692518	0.200223314341581	-6.87196419382932	6.33238514760398e-12	1.78689718820319e-11
hsa-mir-877	3.41016594460975	1.09671639306573	0.160183083502451	6.84664303549227	7.56030514145535e-12	2.12120561397404e-11
hsa-mir-3913-2	10.1824382918174	1.46564970948389	0.21419113347349	6.84271886382867	7.77040560583517e-12	2.16776656390061e-11
hsa-mir-376a-2	2.03856256085031	-1.61555813552575	0.236314591255889	-6.83647220825384	8.11670955607025e-12	2.25158440227711e-11
hsa-mir-107	220.860764237573	0.6506353168756	0.0953076788608221	6.82668306113848	8.69003868880339e-12	2.39708370573172e-11
hsa-mir-589	239.160621347669	0.782112442529616	0.115021076484717	6.79973154862217	1.04814276247656e-11	2.87507316411168e-11
hsa-mir-1-2	49.9538833153283	-2.13507122064703	0.315081050191188	-6.77626032841864	1.23326376782115e-11	3.36406950000103e-11
hsa-mir-1296	23.0129092587618	-0.871595848155019	0.12898072100071	-6.75756687815555	1.4032827505519e-11	3.80669519624853e-11
hsa-mir-30e	49544.2398530419	0.763552556099794	0.113301040863987	6.73914864574286	1.59317351180408e-11	4.29806700162528e-11
hsa-mir-3678	2.9487676695952	1.70461832370916	0.253028779175684	6.73685550419386	1.61850988782237e-11	4.34255931650702e-11
hsa-mir-215	53.5247661073858	-1.6499300815284	0.24579012937938	-6.71275972592744	1.90977449901053e-11	5.09619173377265e-11
hsa-mir-192	1593.35238721006	0.865701799503264	0.1291950896055	6.70073299338775	2.07376659498227e-11	5.50388863857457e-11
hsa-mir-7706	9.25406269486608	1.50550788546145	0.226483339388963	6.64732288707508	2.98471801418538e-11	7.87901368260764e-11
hsa-mir-1228	11.0070926011293	-1.72442411301895	0.259544525397384	-6.64403963203893	3.05200451778382e-11	8.01355196915431e-11
hsa-mir-133a-2	8.32233468308593	-1.54130358865204	0.232940294482109	-6.61673237804901	3.67225425416168e-11	9.59083424890098e-11
hsa-mir-449b	1.68767590441797	2.8321374859565	0.429047639069469	6.60098606322349	4.08431953522252e-11	1.06105867290701e-10
hsa-mir-381	105.085198616823	-0.739468209087468	0.114005942509511	-6.48622512835923	8.80136248874657e-11	2.27445735893398e-10
hsa-mir-30c-1	1506.44283898209	0.68060881994703	0.105021028696303	6.48069085206924	9.13035799386177e-11	2.34712344240112e-10
hsa-mir-154	26.6063488784283	-0.872174988865625	0.134676568302556	-6.47607078097097	9.41418990465692e-11	2.40748293915966e-10
hsa-mir-4638	6.88960224661462	1.85355697457869	0.291047625513384	6.36856930651527	1.9079955323716e-10	4.85401972225107e-10
hsa-mir-106a	68.2298062151026	1.04571522781875	0.164904248467312	6.34134800975755	2.27763389316718e-10	5.76452701827365e-10
hsa-mir-452	382.230313312531	-1.57332917182512	0.248364455036931	-6.33475982539924	2.37711268577792e-10	5.98544783957414e-10
hsa-mir-345	80.2708394326101	1.05181346091575	0.166982475631259	6.2989451853524	2.9967793563414e-10	7.50723808144709e-10
hsa-mir-296	21.9192899424242	-1.19047336065307	0.189937514852638	-6.26771052351978	3.66395090633399e-10	9.13197916248724e-10
hsa-mir-5694	2.28997942542321	1.89942339941729	0.303896803539781	6.25022500168761	4.09861795365371e-10	1.01637445214342e-09
hsa-mir-656	1.78556146909487	-0.930745072491324	0.149283659566322	-6.23474180091242	4.52523847506224e-10	1.11652868907315e-09
hsa-mir-134	1732.13894336839	-1.00541548063882	0.161890252241607	-6.21047571868829	5.28244388000173e-10	1.29683997254042e-09
hsa-mir-3651	6.12778272204318	1.704912977034	0.274701618255337	6.20641766823982	5.4205997912633e-10	1.32213465419775e-09
hsa-mir-431	43.0811675965349	-0.923738260798895	0.148848990005757	-6.20587523478104	5.43933197857324e-10	1.32213465419775e-09
hsa-mir-194-2	347.721657426015	0.712790672842556	0.115187664396482	6.1880816542047	6.09007822137713e-10	1.47301891955476e-09
hsa-mir-556	3.6995852748873	1.90636498811798	0.308504198669491	6.17938101439041	6.43534140932871e-10	1.54889834901e-09
hsa-mir-6715a	0.381825212378533	-1.74996843452976	0.285081412561606	-6.13848661266749	8.33113319027805e-10	1.99540799825684e-09
hsa-mir-1251	4.77498392325946	3.03187658527415	0.495242232409053	6.12200734684097	9.2403762095813e-10	2.20243918393418e-09
hsa-mir-450b	76.2621951236802	0.918259523323575	0.150312586950104	6.10899953194465	1.00257622330865e-09	2.37809142823453e-09
hsa-mir-432	21.8205571882578	-0.764001210052943	0.125221881241534	-6.10117978166533	1.05288399942991e-09	2.48541367173119e-09
hsa-mir-483	32.9206496695221	-1.39319224789542	0.230596585341053	-6.04168637551542	1.5251170036732e-09	3.58293037705043e-09
hsa-mir-93	15658.7758202578	0.530340778036414	0.0880847940738907	6.02079829569146	1.73558931493142e-09	4.05797311253013e-09
hsa-mir-660	111.145261431253	0.626516796760953	0.104076064359697	6.01979716100382	1.74635773336915e-09	4.06379927528083e-09
hsa-mir-3682	9.25274010955416	1.81195003166512	0.301141155139693	6.01694587650962	1.77738474408817e-09	4.11649013843061e-09
hsa-mir-199b	16641.9778411736	0.799925803710234	0.13365140744751	5.98516558102385	2.16169836298499e-09	4.98306993533159e-09
hsa-mir-3912	4.1853547181073	1.41539177301168	0.238534237902987	5.93370488637077	2.96173991243628e-09	6.79539391124399e-09
hsa-mir-323a	9.76394559224321	-0.665464189315097	0.112498825661747	-5.9152989855731	3.31273263358085e-09	7.56535685157302e-09
hsa-mir-500b	13.9831090584645	0.73253741809733	0.124006213857846	5.90726379999852	3.47836522620951e-09	7.90683947254107e-09
hsa-mir-3922	1.78935197230816	1.35130050846187	0.228834581667118	5.90514116624026	3.52344909995207e-09	7.97241247961506e-09
hsa-mir-4473	1.43811376281236	1.39731898579798	0.236897097207927	5.8984217293787	3.66994982109741e-09	8.26580441357262e-09
hsa-mir-143	173308.415421247	-0.687130362277267	0.117576177543863	-5.84412911383281	5.09225216837517e-09	1.14168758660831e-08
hsa-mir-708	441.385610885368	0.67057643343897	0.115646864141119	5.79848349904838	6.69172859948638e-09	1.49347215561264e-08
hsa-mir-378d-2	0.821867450929794	-1.27657386231416	0.221761570114088	-5.75651525941761	8.58680234651155e-09	1.90774658467745e-08
hsa-mir-375	33445.1935053231	0.727477252963124	0.126512166422151	5.75025528007836	8.91087986853019e-09	1.97082973668843e-08
hsa-mir-585	1.26525805418617	-1.0606107067311	0.188587291669755	-5.62397761450643	1.86609842862768e-08	4.10876380473628e-08
hsa-mir-543	3.86033744281079	-0.8060583917473	0.144099492077581	-5.59376289344124	2.22200355701383e-08	4.87055243970441e-08
hsa-mir-376b	7.79986879010868	-1.1948809845701	0.216593133315165	-5.51670759954991	3.45409412225957e-08	7.53760095124199e-08
hsa-mir-4664	3.13646766370518	1.88036991622641	0.343660857315726	5.471585943519	4.46025948953993e-08	9.69020977594738e-08
hsa-mir-6854	1.82830785075994	0.964180731673966	0.177016734878999	5.44683378287957	5.12743367408805e-08	1.10906164492389e-07
hsa-mir-618	1.41879387860556	1.37841533774713	0.255818634842155	5.38825226159791	7.11461459350862e-08	1.53213849360208e-07
hsa-mir-519a-1	3.39181596421766	1.86446838642433	0.346459270748904	5.38149371034035	7.38702851893663e-08	1.58385633309951e-07
hsa-mir-7-3	1.18038745850371	1.27272403413615	0.236669131584997	5.37765117745854	7.54638416854396e-08	1.61098896815438e-07
hsa-mir-539	54.6776229044672	-1.09529557780221	0.208218785395564	-5.26031105080851	1.43811916091348e-07	3.05678141995029e-07
hsa-mir-1343	6.55789869331526	-1.45765432687003	0.277421119897401	-5.25430193421872	1.48586950858254e-07	3.14466348583632e-07
hsa-mir-1270	16.274855562201	1.41003326901341	0.271763894769517	5.18844959228029	2.12052143811488e-07	4.46856663568415e-07
hsa-mir-433	5.19360045840149	-1.00326753555491	0.194359669878605	-5.16191211984226	2.44440045466147e-07	5.12906249247343e-07
hsa-mir-185	217.322682459783	0.549349598868333	0.106726041705616	5.14728729829233	2.64280404131611e-07	5.52177355015409e-07
hsa-mir-9-3	1537.14287512843	0.982057652428683	0.191398851159408	5.13094852179006	2.88285751035537e-07	5.9978094812902e-07
hsa-mir-1226	5.52932949129835	1.09458158972607	0.213509944052228	5.12660707483639	2.95010307146641e-07	6.11181691177219e-07
hsa-mir-1468	24.9157549965644	-0.782144989510908	0.153053839106183	-5.11026050753476	3.2171489619955e-07	6.6370594131924e-07
hsa-mir-1288	3.17433746736379	1.3578430216064	0.266566146739781	5.09383144939221	3.50898753228755e-07	7.20884049520161e-07
hsa-mir-545	1.20992608070077	0.92475938377776	0.18284367810436	5.05765030196965	4.24453863640089e-07	8.68361862697016e-07
hsa-mir-508	28.4687347694123	0.977359895760278	0.195856866810346	4.99017426183317	6.03248465625782e-07	1.22902488225004e-06
hsa-mir-376a-1	6.64376884992889	-1.08104753032245	0.216916672163106	-4.98369959091745	6.23799036637484e-07	1.265641847062e-06
hsa-mir-20a	696.151250354959	0.497793722813679	0.100689951037195	4.94382724081168	7.66035933491575e-07	1.54783392322783e-06
hsa-mir-1180	63.8007696524776	1.01712801167322	0.206740635401862	4.9198262823181	8.66210575675922e-07	1.74307128138065e-06
hsa-mir-625	1205.67876331825	0.814946025406107	0.165916269462672	4.91179091746306	9.02482602616293e-07	1.80864880769225e-06
hsa-mir-190a	22.8886021349179	-0.865984271702869	0.176393673565895	-4.90938396030039	9.13629415857117e-07	1.82354489099937e-06
hsa-mir-5684	1.53798027106315	1.01983733157222	0.20779798730083	4.90783065235274	9.20893160593821e-07	1.83060138401444e-06
hsa-mir-449c	0.645431917753023	2.30309709211472	0.471196868383181	4.88775975956154	1.01989879230704e-06	2.01923510896272e-06
hsa-mir-9-2	2197.83315409698	1.09576445233528	0.224417611210887	4.88270259371748	1.04641637373276e-06	2.0634154196899e-06
hsa-mir-6507	0.250702626489696	-1.30572394685475	0.267709216143698	-4.87739632450264	1.07495314860332e-06	2.11120798385691e-06
hsa-mir-6510	20.6661494360109	-1.16715482977857	0.239494356945213	-4.87341265433476	1.09686775428589e-06	2.14566560698953e-06
hsa-mir-744	142.463001157613	0.546207852673305	0.112506388089822	4.85490523646737	1.20444327014317e-06	2.34675256206467e-06
hsa-mir-488	0.667179104738352	-1.28258624618759	0.2675532345042	-4.79376094467458	1.63683309304512e-06	3.17662074579113e-06
hsa-mir-3928	5.57135842844966	0.734224961891514	0.153458940307108	4.78450431380638	1.71409816433788e-06	3.31347322318857e-06
hsa-mir-27b	2402.1394334872	0.597494955922148	0.125161787607886	4.77378093858817	1.80799039881432e-06	3.48126778752092e-06
hsa-mir-502	26.5371242760686	0.484465026970892	0.102340257448422	4.7338656267799	2.20283592387137e-06	4.22497046336267e-06
hsa-let-7g	2080.48105799705	0.491320208065974	0.105771078754554	4.64512808086323	3.3986553345442e-06	6.49315085315642e-06
hsa-mir-885	2.3856428906987	1.29949582653435	0.281516232285787	4.61606002603481	3.91093870379007e-06	7.44291047891832e-06
hsa-mir-548v	4.72520648930052	0.984478867434986	0.21400990400755	4.60015564233071	4.2217538430713e-06	8.00340207315833e-06
hsa-mir-487b	18.1884221317308	-0.60056014298783	0.131503966005905	-4.56685954977861	4.95085489715929e-06	9.34949905578927e-06
hsa-mir-4444-2	1.90547851448401	0.988409650781187	0.217158257785524	4.55156373448799	5.32486617940915e-06	1.00172769888502e-05
hsa-mir-34a	477.740913891484	0.432143512145844	0.0953156017986903	4.5338171714904	5.79271745095704e-06	1.08558178183966e-05
hsa-mir-484	293.185043509325	0.49548738557937	0.110139730427897	4.49871616404346	6.83650602218561e-06	1.27632108627115e-05
hsa-mir-150	2370.47911848776	-0.626762402484514	0.140109846290269	-4.47336442855012	7.69983835146901e-06	1.43205326915579e-05
hsa-mir-149	519.992055522531	0.825783416938284	0.185119590059832	4.4608105315671	8.1650253762224e-06	1.5128405508397e-05
hsa-let-7a-2	40301.8778433226	0.452480595271145	0.101524417813824	4.45686471308712	8.31670512594299e-06	1.5351512093376e-05
hsa-let-7f-2	11350.3457287716	0.330531748729889	0.0748686904401881	4.41481942299963	1.01094341779785e-05	1.85907572336609e-05
hsa-mir-4728	30.252932955539	1.34335626822461	0.304561172219076	4.4107929400085	1.02992768665598e-05	1.8869197542839e-05
hsa-mir-3652	4.55851593131031	1.26514423749412	0.290375357856166	4.35692700246553	1.31901233631401e-05	2.40756526814193e-05
hsa-mir-138-1	2.82647622425266	1.57431629451611	0.362097153878967	4.34777318090253	1.37526720239173e-05	2.50094887546051e-05
hsa-mir-1304	3.35995594717924	1.52962348022991	0.352157205903712	4.34358137384854	1.40178519915584e-05	2.53976580363659e-05
hsa-mir-4742	5.78679611281894	1.14178246943402	0.263944084743402	4.32584981225862	1.51944926982182e-05	2.74282938045041e-05
hsa-mir-224	106.947333650637	-0.85263578906938	0.19790547304264	-4.30829817872532	1.64515498341079e-05	2.95886848664724e-05
hsa-mir-199a-1	6695.66065555852	0.401051993418014	0.0937088484303095	4.27976653364034	1.87089464775797e-05	3.35258858412104e-05
hsa-mir-153-2	175.378517638061	1.04928259277465	0.245660951133106	4.27126325097604	1.94368800172894e-05	3.4703665776324e-05
hsa-mir-2115	7.09259919456803	1.58259978478025	0.37160527306324	4.25881950418644	2.05509323195468e-05	3.65598107568749e-05
hsa-mir-21	660717.105915997	0.0624549494114641	0.0146743698400772	4.25605665470508	2.08064004633388e-05	3.68806593050518e-05
hsa-mir-9-1	1452.43011144809	0.775419075979519	0.182315043484865	4.25318208063226	2.10754072547746e-05	3.722311137444e-05
hsa-mir-20b	92.7573162258069	0.715290936551581	0.169000264694331	4.23248411974574	2.31124237068266e-05	4.06745521148813e-05
hsa-mir-423	551.027897293724	0.387569429714778	0.0925346632699768	4.18837023898833	2.80964883781885e-05	4.92691992631806e-05
hsa-mir-1248	14.4453197360279	1.10580344464754	0.266887748885079	4.14332785699989	3.4230203471044e-05	5.98114943212905e-05
hsa-mir-27a	4455.7664224173	0.565124344884668	0.136716007307668	4.13356384532868	3.57181013469407e-05	6.21900275225103e-05
hsa-mir-6837	3.35355386273986	-0.41767572068808	0.103516495135877	-4.03487115884125	5.46322674223029e-05	9.47860187432888e-05
hsa-mir-15b	843.314675215936	0.538024970232419	0.133919958323446	4.01751148199262	5.88159703602662e-05	0.000101685357207362
hsa-mir-153-1	11.2099679198311	1.12973073046082	0.281378338371166	4.01498827877287	5.9448749139649e-05	0.000102418722201992
hsa-mir-2355	206.485705238722	-0.559197150698064	0.139320317884718	-4.01375161346372	5.97612338767083e-05	0.000102597083333789
hsa-mir-887	30.2534223485199	0.655772352062851	0.165000900299013	3.97435620578111	7.05698815442442e-05	0.000120731051701129
hsa-mir-450a-1	24.3712470489841	0.711096152854129	0.179170132887256	3.96883197771356	7.22257844427119e-05	0.000123134931115873
hsa-mir-4652	1.56319845149069	2.38247540640471	0.606012801897626	3.93139451665771	8.44545503551072e-05	0.000143485066520269
hsa-mir-3157	0.739890881499938	-0.86800678359699	0.221457071188348	-3.91952615890397	8.87232314732181e-05	0.000150217609149483
hsa-mir-199a-2	10211.721419594	0.254694837155449	0.0651552089476528	3.90904796821505	9.26605655103519e-05	0.000156344802974511
hsa-mir-34c	58.4196889659877	0.724728939708043	0.185988451636512	3.8966340830904	9.75388171617139e-05	0.000164012189131512
hsa-let-7d	2003.87655687585	0.482878481149568	0.12403871270247	3.89296591869542	9.90260685624859e-05	0.00016594470875147
hsa-mir-218-1	68.7116433920635	-0.348928745650954	0.0896921006647145	-3.89029516607392	0.000100122361360619	0.000167211154517224
hsa-mir-1271	10.9859663735634	-0.506640833338579	0.130642514107934	-3.87807014277148	0.000105288363661149	0.000175242666297031
hsa-mir-598	51.4357789131243	0.579470695838084	0.149726752690172	3.87018809549136	0.000108751413478383	0.000180395081141506
hsa-mir-410	35.5847245088229	-0.594629888628071	0.154777878597939	-3.84182735940399	0.000122121722705696	0.000201891467503355
hsa-mir-4660	1.71245068533855	0.950878698923457	0.248191686366911	3.83122703601658	0.000127505779796517	0.000210085026443254
hsa-mir-605	0.823912922291464	-0.650020025549728	0.172326995348207	-3.77201508235136	0.000161934465085949	0.000265919138318398
hsa-mir-369	35.7916269785591	-0.456367741125794	0.121037414603438	-3.77046835163341	0.000162941466169296	0.000266680866297081
hsa-mir-152	966.73798839936	0.467000792470148	0.123971370464852	3.76700516190994	0.00016521758608839	0.000269507756708969
hsa-mir-514a-3	2.6698437885436	1.03879480604242	0.278918647887011	3.72436484226482	0.000195807580894375	0.00031834941132165
hsa-mir-329-2	1.53912411845836	-0.76070890356698	0.206251777379593	-3.68825380916327	0.000225798356422761	0.000365897666678468
hsa-mir-577	26.4321979783444	1.3362184712677	0.362534779870027	3.68576629184859	0.000228015524560133	0.000368275074207319
hsa-mir-514a-1	2.924029369661	1.02768141016891	0.280583999743742	3.66265150937862	0.000249618023519368	0.00040184409687872
hsa-mir-500a	757.632271460441	-0.364252728530562	0.0996325653450877	-3.65596055134117	0.000256220757451997	0.000411125463754675
hsa-mir-628	138.38807925739	0.672686441245854	0.184127513213245	3.65337276057593	0.000258818071146237	0.000413940302712711
hsa-mir-542	1138.24345114802	0.547557010315881	0.152139451115242	3.59904683697801	0.000319385668344753	0.000509150529731409
hsa-mir-138-2	1.39455734381769	1.10564885902283	0.312929064542671	3.53322520756798	0.000410522607773282	0.000652319095199617
hsa-mir-23b	2454.98614530445	0.298239584518628	0.0849776219546994	3.50962497723949	0.000448739117225541	0.00071074485986368
hsa-mir-5699	1.19179558643528	0.594381848358177	0.169924437791157	3.49791858125017	0.000468904256416906	0.000740295787462061
hsa-let-7e	4523.92856857424	-0.429652697792798	0.123779241002853	-3.47112079789612	0.00051829078645005	0.000815643513291584
hsa-mir-383	3.62375432703156	-1.21350213163205	0.350773166389311	-3.45950673514526	0.000541165743076604	0.000848921341375759
hsa-mir-200c	37421.3803033267	0.40073384864614	0.116430310102291	3.44183441832348	0.000577783802045524	0.00090347721912214
hsa-mir-7-2	1.66749172205344	0.747001541044272	0.217774058779208	3.43016769413121	0.000603208327690905	0.000940239012368997
hsa-mir-34b	11.1308265421582	0.692649082019619	0.204153425869205	3.39278696436561	0.000691854221919288	0.00107500133848851
hsa-mir-450a-2	24.0367829233809	0.589270921610316	0.176395230113323	3.34062843554072	0.000835890084986026	0.00129470672469444
hsa-mir-4661	13.1848502768655	0.580248321588502	0.173768747075512	3.33919839645475	0.000840205337121706	0.0012972981777571
hsa-mir-3926-1	2.03855885711599	-0.512633723379562	0.155034407915551	-3.30658032801854	0.000944422678340122	0.00145364117575235
hsa-mir-324	147.481876729083	0.383041507651825	0.117538254967591	3.25886672179575	0.00111858203661532	0.00170497972835214
hsa-mir-3615	24.4482327900903	0.778877007818266	0.239058601697382	3.25810074303131	0.00112160580907891	0.00170497972835214
hsa-mir-548e	1.60025556772112	0.818340327936349	0.251100850567322	3.25901057717424	0.00111801499547843	0.00170497972835214
hsa-mir-615	40.7274116960255	0.641095723819097	0.196654645440233	3.26000803278222	0.00111409058463567	0.00170497972835214
hsa-mir-616	14.5281681435879	0.641861766284986	0.197212461209146	3.25467144596042	0.00113523615655292	0.00172037331131939
hsa-mir-505	130.008637117968	-0.348798903354699	0.10838961807955	-3.21801026274218	0.00129083199128971	0.00195014925453307
hsa-mir-487a	3.56930549743621	-0.34548903863544	0.108213017748295	-3.19267538993371	0.00140961310713018	0.00212306759386785
hsa-mir-579	2.05353656978326	0.862352278550816	0.271689941174904	3.17403093696305	0.00150337665881476	0.00225736372929067
hsa-mir-1229	6.35566063386607	1.08905146021542	0.343236215336838	3.17289205379063	0.00150928629100393	0.00225932795391137
hsa-mir-99b	119645.741194398	-0.235693864214365	0.0751331536239468	-3.13701545650605	0.00170677129222585	0.00254718755161974
hsa-mir-380	2.68166567199632	0.630820852184488	0.201851730458523	3.12516940405478	0.00177702690367977	0.00264400063547506
hsa-mir-202	3.63204864442286	-0.71454334068944	0.228813323836578	-3.12282225837415	0.00179125887515686	0.00265712419245323
hsa-mir-194-1	343.835973179244	0.416352350810997	0.135672217535665	3.06881068485188	0.00214912733764083	0.00317837808066762
hsa-mir-1295a	5.04987586029824	-0.666308910777674	0.220102598521236	-3.02726508116798	0.00246777445679046	0.00363867044529765
hsa-mir-4786	1.61226974226452	0.636323315261703	0.210801723779982	3.01858686851083	0.00253956583088706	0.00372216962079268
hsa-mir-92a-2	17152.5797811191	0.470054143050411	0.155673307684153	3.01949094577027	0.00253199861071968	0.00372216962079268
hsa-mir-6718	0.827104701952498	0.599814132851098	0.201107423921148	2.98255589553113	0.00285852446091701	0.00417718901878052
hsa-mir-372	1.72181087573474	0.850272441202586	0.287063214112577	2.96196934821867	0.00305678212837955	0.00445364992591798
hsa-mir-3187	1.79991513265396	0.888920836377803	0.302844346073344	2.93523999342725	0.00333289799882715	0.00484157667876961
hsa-mir-3940	2.819679985176	0.584892011049035	0.201942568276096	2.89632847617037	0.00377556975701426	0.0054684505920177
hsa-mir-3136	2.48463069045621	0.80210826337483	0.278442956270431	2.88069152159052	0.00396803791554535	0.00573031357803755
hsa-mir-223	399.788660464237	-0.346304272149915	0.122533362507972	-2.82620394202749	0.00471032638692394	0.00678231746621599
hsa-mir-5010	2.11213884869745	-0.487842810017855	0.173795468364164	-2.80699384517696	0.00500061971360822	0.00717925227889367
hsa-mir-6802	0.831338540086743	-0.458788317539135	0.164344343024266	-2.79162829152808	0.00524435632349061	0.00750722727356819
hsa-mir-6820	0.656081644485063	-0.465004585027098	0.167187994754069	-2.7813276049582	0.00541370753006297	0.00772712324785151
hsa-mir-196b	1374.94616344721	0.555658311997025	0.19994073313409	2.77911510719715	0.00545072063326288	0.00775740240849877
hsa-mir-6509	1.74103756255092	0.534712483193819	0.192594834634503	2.77635941902891	0.00549714020152366	0.00780085502586162
hsa-mir-10b	238530.498661107	-0.194743077449409	0.0706651317910148	-2.75585812286238	0.00585383825995059	0.00828309678857562
hsa-mir-514a-2	2.58676402843248	0.774548834236181	0.281968811238713	2.74693087804116	0.00601558110721678	0.00848750093000988
hsa-mir-129-2	13.2034052955363	-0.830887255177843	0.3044050985978	-2.72954447545462	0.00634218935058867	0.00892267900039839
hsa-mir-643	1.63973793318241	0.508010300933439	0.188431918897818	2.69598857722678	0.00701800732875072	0.00984526170976172
hsa-mir-151b	8.42389352524678	-0.451030276055401	0.167887839320323	-2.68649759197183	0.00722054686625713	0.0101005370693226
hsa-mir-550a-1	5.73131179640948	0.334303769743087	0.126788047397278	2.63671360672965	0.00837134755656577	0.0116770785519142
hsa-mir-382	80.8936748433524	-0.28832325327506	0.109496108708922	-2.63318264616619	0.00845888452034108	0.0117657572223441
hsa-mir-501	150.509645431501	0.3034864346205	0.115862494627673	2.61936734225999	0.00880930282894972	0.0122185527938257
hsa-mir-1245a	23.6497536581763	0.622755743086618	0.238570696591292	2.61036142319479	0.0090446608429678	0.0124792192298447
hsa-mir-18b	2.65267522782404	0.771455088654532	0.295550329758977	2.61023254240203	0.00904806933976523	0.0124792192298447
hsa-mir-424	470.41848310221	0.324255845076638	0.12459547151231	2.60246894321998	0.00925551976911453	0.012729580410743
hsa-mir-6503	0.509973557872091	-0.430301839748016	0.165934309532228	-2.59320595578483	0.00950858097639356	0.0130410984899699
hsa-mir-509-2	2.73586699793976	0.40413521167014	0.156606611926713	2.58057566470605	0.00986357384833436	0.0134902918092818
hsa-mir-28	16711.9703534422	-0.305251400636364	0.120920086567903	-2.52440607098762	0.0115893971300874	0.015806649974647
hsa-mir-576	53.944240469446	0.399058334438429	0.158846493821467	2.51222626850639	0.0119972138367691	0.0163175401491791
hsa-let-7a-1	34155.1479886725	0.0761481967483857	0.0303395025687835	2.50986965180949	0.0120775734086438	0.0163814600653152
hsa-mir-31	19.9818313346949	0.429241097699492	0.171354155889437	2.50499379762025	0.0122453540708183	0.0165177715625599
hsa-mir-4714	0.766086574359059	0.638738396327924	0.254984844459899	2.50500533739909	0.0122449545553009	0.0165177715625599
hsa-mir-361	1278.50945215244	0.238222443659636	0.0963915678340306	2.47140335002967	0.0134583925231362	0.0181043033667394
hsa-mir-548b	7.0110873106778	0.720621852429607	0.292974596579701	2.45967350358162	0.0139063461643435	0.0186557813297614
hsa-mir-101-1	24289.3019409184	0.348377440186761	0.143699698364958	2.42434357309489	0.0153360887224247	0.0205177644760504
hsa-mir-664b	15.6929497006934	-0.236602092937934	0.0976873671068102	-2.42203367687488	0.0154339201675759	0.0205925402235864
hsa-mir-127	2876.45101113294	-0.238653729348356	0.0991589374376456	-2.40677981748674	0.0160938696704124	0.0214148780709282
hsa-mir-10a	98230.7511450119	0.297006737068729	0.123672553671089	2.40155740503773	0.0163254473700444	0.0216643098883562
hsa-mir-607	0.33797968559703	-0.45289821776409	0.192254681649645	-2.35572009939102	0.0184868415710594	0.0244664129687067
hsa-mir-323b	10.652385868869	0.337535087747617	0.145225929529762	2.32420676418149	0.0201144149535431	0.0265488648983593
hsa-mir-329-1	1.59855670415606	-0.516224729313483	0.223293992563597	-2.31186125245378	0.0207853306166551	0.0273608507581171
hsa-mir-129-1	5.70140165596608	-0.542550965826044	0.237471309774953	-2.28470111332694	0.0223303593100788	0.0293160599498628
hsa-let-7b	86393.1287789662	-0.198615900363103	0.0877971066906904	-2.26221464293611	0.0236841450501915	0.0309938933758023
hsa-mir-1292	2.66009053732279	0.668213236348489	0.295486808504939	2.26139785978743	0.0237346311798405	0.0309938933758023
hsa-mir-3130-1	10.2552482697925	0.469609327851784	0.208859459644688	2.24844653266212	0.0245477308373045	0.0319706520984523
hsa-mir-3605	14.7433644899287	0.426026847059727	0.189648571166597	2.24640156495292	0.0246782981896906	0.0320556730453388
hsa-mir-409	123.606900088992	-0.2413263089053	0.108112010132062	-2.23218778940946	0.0256025541037968	0.0331684803824914
hsa-mir-491	12.4100871131759	-0.217865810195574	0.0982792923465087	-2.2168027973526	0.0266365702843184	0.034417252656843
hsa-mir-874	111.687862692565	0.285321237471901	0.129365290428813	2.2055470715996	0.0274157284924109	0.0353310306818208
hsa-mir-216a	1.7734380862476	0.584570297103976	0.272811362174899	2.14276374870783	0.0321320735782328	0.0413006495468909
hsa-mir-6720	1.00631176134776	0.483058111891411	0.23039337326321	2.09666669249009	0.0360230909481771	0.0461810382651566
hsa-mir-95	12.7728137140114	0.364541047997149	0.176687159154254	2.06320057293407	0.0390935757386232	0.0499868377282917
hsa-mir-624	3.20160717523798	-0.316317722807608	0.153684075047097	-2.05823357241582	0.0395677173225316	0.0504616862476961
hsa-mir-889	64.1697985522449	-0.378870918533215	0.186187105161221	-2.03489343800231	0.0418615964153728	0.0532488182382074
hsa-mir-3917	11.1653327719073	0.539245084529688	0.265784968987641	2.02887727843919	0.0424707915895511	0.053884130931446
hsa-mir-642a	14.4343130467622	0.3759802098092	0.185923246495825	2.02223345867426	0.0431522392321017	0.0546076017086648
hsa-mir-25	30141.0167866958	-0.100979178194757	0.0509398698369766	-1.98232108793999	0.0474433152871153	0.0598834647968473
hsa-mir-135a-2	46.2421964899033	0.914806322109639	0.47082699053659	1.94297765526793	0.0520188581668855	0.0654904086152327
hsa-mir-939	4.25512089000455	0.399448618045045	0.209914608993466	1.90291004499587	0.0570522840298901	0.0716436610196319
hsa-mir-92a-1	15304.5749754971	0.217290308910161	0.114390067096751	1.89955574312564	0.0574914447959699	0.0720109678439317
hsa-mir-582	541.486491275423	0.265015622044645	0.140372089669927	1.88795096423945	0.0590325337254408	0.0737531146544311
hsa-mir-29c	6660.67185111527	0.182513907112345	0.0978134624766224	1.86593851695993	0.0620499679658945	0.0773262291148584
hsa-mir-4772	11.3553813373668	0.204027272892333	0.109645184424445	1.86079556492447	0.0627730520590144	0.078029287496142
hsa-mir-3129	2.00181104687185	-0.403311155429463	0.217724253567795	-1.85239425016047	0.0639692303669902	0.079315384116647
hsa-mir-30c-2	2182.6579738707	0.270294171950235	0.147459580636192	1.83300515832265	0.0668018039780715	0.0826188558015948
hsa-mir-24-1	2548.96373283774	0.220319820846165	0.121536609319617	1.81278564606627	0.0698648886905382	0.0861901013745082
hsa-mir-934	3.53213030803645	0.50104096480556	0.278445794542622	1.79942011919618	0.0719522493861137	0.0885427429789019
hsa-mir-509-3	2.96367964279896	0.280579876552704	0.15618022434495	1.79651346852336	0.0724128926273218	0.0888868257000376
hsa-mir-664a	155.623750784324	-0.183232618758728	0.102395727296847	-1.78945570870876	0.0735414544186724	0.0900470177545341
hsa-mir-146a	381.349424580032	0.213490543317749	0.11980967965418	1.78191398169138	0.0747632601281984	0.0913153251814562
hsa-mir-217	102.034724993748	-0.385715228125089	0.21912058431615	-1.76028751168614	0.0783590705182315	0.095469736040823
hsa-mir-29b-1	886.619952657193	0.132683460656648	0.0755288302825825	1.75672600992532	0.0789645219312972	0.0959692580897696
hsa-mir-509-1	2.82769564283156	0.29361883815596	0.168146409777639	1.74620938112356	0.0807745753016217	0.0979267073409784
hsa-mir-6806	2.85094678203381	0.209588984931828	0.120512768527553	1.73914339113294	0.0820095438759004	0.0991790296627268
hsa-mir-212	22.2991829760229	-0.330139703879061	0.193332761304948	-1.70762421045818	0.0877060931323027	0.105807596383196
hsa-mir-1291	3.23326000161333	0.39259933584033	0.23240574899192	1.68928409707274	0.0911649994790761	0.109710820451535
hsa-mir-5187	1.02750074901904	-0.320000873376318	0.189685244130429	-1.68700984013434	0.0916014598617249	0.109966544723978
hsa-mir-517b	0.754954837729163	-0.506813286078151	0.302287489090246	-1.67659365461481	0.0936219684392704	0.112118015862638
hsa-mir-520a	0.735338320934459	0.377860836507231	0.237739439957397	1.58939062267053	0.111972230372918	0.133767311710712
hsa-mir-29a	15309.6031129852	-0.0763872773307635	0.0492343977732616	-1.55150221766799	0.120781376301404	0.143940912048518
hsa-let-7a-3	54053.2182170144	-0.243774945568577	0.157965135107893	-1.54321993522226	0.122777421995023	0.145612836230812
hsa-mir-652	105.237240729691	-0.174075691340563	0.112715627775792	-1.54437937999889	0.122496452371512	0.145612836230812
hsa-mir-412	18.4998179555256	-0.244712720554605	0.161802034011939	-1.51242054556958	0.130426911459564	0.154312321750954
hsa-mir-135a-1	6.32441380826993	0.509915435131296	0.33765105094879	1.51018465276044	0.130996313658201	0.154613437514848
hsa-mir-4521	2.065786825105	-0.246019085762919	0.163981469983117	-1.50028589076709	0.133540362645796	0.157238172803564
hsa-mir-3130-2	10.2052923899502	0.307097567780649	0.211934013460992	1.44902445230753	0.147330754009515	0.173060766073378
hsa-mir-206	8.21923490735123	0.859083507863688	0.594388302260715	1.44532371279217	0.148366980280123	0.173862022237566
hsa-mir-4491	1.254408772707	-0.325344150156395	0.225492008779339	-1.44281898022723	0.149071470994972	0.174271648234598
hsa-mir-101-2	19483.1605597091	0.133296158156434	0.0946272006294489	1.4086452655237	0.158940087026675	0.185367179881467
hsa-mir-221	498.298306369686	0.206717865840574	0.155398445694335	1.33024410197244	0.183437857776494	0.213431251583551
hsa-mir-4787	1.62130030050836	-0.364332582897419	0.275582272421741	-1.32204651516865	0.186152662160293	0.216077912814902
hsa-mir-30d	37791.6938181155	-0.213646490335514	0.169671862791016	-1.25917454326922	0.207967294299282	0.240830050709782
hsa-mir-362	38.2104182054571	0.161995528084945	0.130882372396312	1.23771845756603	0.215820472772448	0.249336122661817
hsa-mir-550a-2	7.70934055466897	0.206038813880005	0.166887510165385	1.23459696699783	0.216980538367395	0.25008789750796
hsa-mir-4999	3.73479533825546	0.316389866931985	0.258669771138651	1.22314202212053	0.22127605924216	0.254441557582905
hsa-mir-581	1.30163309291858	0.258353002999965	0.229262981672638	1.12688494721256	0.259791128465454	0.29733669947911
hsa-mir-639	1.41328365476817	0.298552603796045	0.264618309176817	1.12823864956583	0.259219145354253	0.29733669947911
hsa-mir-2277	6.97489245275534	0.290794483896227	0.261934320524965	1.11018091601521	0.266921074649057	0.304786622448109
hsa-let-7f-1	10733.563536456	0.0637504176758607	0.0588639496470999	1.08301291466264	0.278802690719907	0.316893353527563
hsa-mir-541	1.66721281122908	-0.215090595504873	0.19860879321134	-1.08298626675604	0.278814518785962	0.316893353527563
hsa-mir-211	0.239602879199591	-0.507485005439147	0.474791803761169	-1.06885797399827	0.285133671399515	0.323327096205917
hsa-mir-339	195.990221393773	0.13187266319417	0.123741350626303	1.06571216918767	0.286553774893042	0.323443456258583
hsa-mir-627	4.88975140581726	-0.190236218107158	0.178309312070052	-1.06688885677726	0.286022027311539	0.323443456258583
hsa-mir-140	2811.58849532072	-0.1193933184365	0.114876870280531	-1.03931555712599	0.298658001898305	0.336332749844192
hsa-mir-504	4.03722968861664	-0.168254347364926	0.164347200614018	-1.02377373472935	0.305942158954204	0.343747368527492
hsa-mir-6755	1.48968767396729	0.176342113148846	0.173622487242934	1.01566401880942	0.309789407778678	0.347275340683404
hsa-mir-1307	4718.2945366697	0.136613552470688	0.137690500374616	0.992178487978484	0.321110464386327	0.3591463280494
hsa-mir-4709	2.1585768461249	0.122257313093738	0.12662189938703	0.965530557396309	0.334279138242612	0.373025129266187
hsa-mir-518c	0.597722294897435	0.294534908466546	0.322491268426621	0.913311265460087	0.361078859108568	0.402017505266002
hsa-mir-146b	2460.76994051474	-0.12368901582409	0.136594331912582	-0.905520852089596	0.365189518077436	0.405674328905025
hsa-mir-363	61.3775598294001	-0.163912663005073	0.192564747994962	-0.851208046705213	0.394653793671042	0.437415378538334
hsa-mir-3926-2	4.32700395422096	-0.171924376124657	0.202800581338834	-0.847750903817233	0.396576710687108	0.438556677809392
hsa-mir-132	331.537153390516	0.122794972387609	0.145920620981532	0.841518981769891	0.400057255685778	0.441411488857791
hsa-mir-1287	131.425541603837	-0.0843567949822084	0.100512558429259	-0.839266220067208	0.401319934630309	0.441811856285834
hsa-mir-942	16.4033367798899	0.105530306720384	0.127595522938848	0.827069040431462	0.408197930758782	0.448363953047005
hsa-mir-944	14.735727934543	-0.246883721869468	0.299078176272517	-0.825482236605958	0.409097863472623	0.448363953047005
hsa-mir-26a-2	3532.30275958515	0.0843026717321373	0.102624175245998	0.821469907359133	0.411378658191439	0.449859512632509
hsa-mir-425	1439.99958837592	0.11173853329442	0.142089809081977	0.786393718285269	0.431636862479049	0.470963776616029
hsa-mir-16-2	1249.07214302502	0.106523879651113	0.138976283647429	0.766489625822456	0.443385022314814	0.482709636267347
hsa-mir-1306	31.4888617753958	0.103842953664137	0.136789786261483	0.759142597574017	0.447767259681874	0.48640204536239
hsa-mir-19b-1	275.482808042499	0.112227224663781	0.148420291393781	0.756144753590499	0.449562412002105	0.487274049211995
hsa-mir-193b	453.439521675625	-0.0957076454028344	0.126956357745101	-0.75386256429153	0.450931751482714	0.487681695986812
hsa-mir-653	90.0787847789802	-0.145739259118848	0.202844115488188	-0.718479107802046	0.472461925252993	0.509843528130153
hsa-mir-5000	6.52081291764278	-0.086421807157684	0.125903723776719	-0.686411843631777	0.492453438012622	0.530251399263591
hsa-mir-6777	1.44589480373369	0.184859864591736	0.274507134463937	0.673424626841609	0.500677185591065	0.537926691740072
hsa-mir-30b	2131.69283364706	-0.10188426251153	0.154594342856173	-0.659042631374413	0.509868393266186	0.546605635575758
hsa-mir-6874	0.450744550957464	-0.103183469608442	0.160299046248771	-0.643693596581417	0.51977414308225	0.556011120377745
hsa-mir-374a	2725.26652770405	0.0633978880894777	0.102189200966457	0.620397140694812	0.534996354438257	0.571050456585183
hsa-mir-338	934.44024829737	0.064143315072294	0.106126272792659	0.604405614033125	0.545574004209728	0.581077735503203
hsa-mir-517a	0.543312784048368	-0.16019588902803	0.278405633950606	-0.57540462365949	0.565017677839939	0.600484155453269
hsa-mir-214	115.268686204245	-0.0635553548273239	0.111527343672241	-0.569863432003738	0.568770328753549	0.603166806518342
hsa-mir-3173	1.58495460505538	0.131067770056138	0.231354425567897	0.566523721058763	0.571037812244546	0.604266305629465
hsa-mir-6842	7.16059403559753	0.113510370461245	0.215172966225631	0.527530816032984	0.597825022497617	0.631251797949097
hsa-mir-197	1124.04432292021	-0.0649473592704417	0.124357057593541	-0.522265165542282	0.601485719429904	0.63375426660962
hsa-mir-4662a	102.205072738087	-0.0746338605717184	0.163329038090755	-0.456954020204587	0.647704094682003	0.680990814751313
hsa-mir-19b-2	189.4936269668	0.0356672710744161	0.0959580460627282	0.371696512568631	0.710118821842748	0.745017823770917
hsa-mir-374c	2.02230022393501	-0.141185954833783	0.390061631075319	-0.361958069150668	0.717383364826046	0.751034610084411
hsa-mir-148a	140439.074445742	0.0308017004212694	0.0861556611050996	0.357512205538009	0.720708390463195	0.751870480770124
hsa-mir-6499	0.560349551066373	0.122672987855337	0.343818103347836	0.356796185718093	0.721244391940383	0.751870480770124
hsa-mir-1976	33.7775135781179	0.041491737141408	0.125124321070663	0.331604094123124	0.740188227693294	0.769983940248744
hsa-mir-219a-1	15.2331696027182	-0.0727136704307851	0.221838830169831	-0.327777018906557	0.74308026450299	0.771358160403738
hsa-mir-16-1	989.696985558992	-0.0264831824702069	0.0881531891778786	-0.300422284402759	0.763855067782256	0.791250713673181
hsa-mir-22	256320.710771215	-0.0264527162789913	0.097318032043698	-0.271817213351719	0.785762569038561	0.812230360837755
hsa-mir-550a-3	2.94382583149508	-0.0365379827840374	0.139902683666064	-0.26116713294257	0.793963622854022	0.818983484918749
hsa-mir-222	164.360009295145	0.0304249988242056	0.123048809229722	0.247259595721926	0.804707326020597	0.828325570390174
hsa-mir-935	19.4652390944008	-0.075326023066378	0.311193286051417	-0.242055424852361	0.808737217035499	0.830732162268682
hsa-mir-29b-2	1061.03902423751	0.0163608351437091	0.0717592752245944	0.227996103535083	0.81964926968632	0.840183280617919
hsa-mir-30a	196619.677590522	0.0236082303772696	0.105641532478011	0.223474894991546	0.823165919982803	0.842030138982409
hsa-mir-496	7.20994837245369	0.0269070589746728	0.130104503474234	0.206811126872341	0.836157366024624	0.853541095048005
hsa-mir-489	0.836695380677825	0.0475618242431556	0.234221395055946	0.203063534105392	0.839085373464619	0.854752942678689
hsa-mir-7702	1.98097477059347	0.0376748463412101	0.212461337891655	0.177325657058709	0.859252598715068	0.873484525815938
hsa-mir-136	123.523994339387	0.0172523433363336	0.109763875524482	0.157176878585027	0.875105450012014	0.884896848777796
hsa-mir-2116	1.93928910355184	-0.0339123553152456	0.213548195929639	-0.158804222941875	0.873823121609431	0.884896848777796
hsa-mir-5698	2.08244672076486	-0.0314943920065613	0.201645503605543	-0.156186929256654	0.875885679238308	0.884896848777796
hsa-mir-526b	2.36128465544223	-0.0322078928848502	0.235523857137562	-0.136750023018002	0.891228388258203	0.898548539291125
hsa-mir-5001	1.66302847286953	-0.032769595383684	0.249432807405215	-0.131376444520581	0.895477521690897	0.90098250645539
hsa-mir-6514	0.617556508272473	-0.0167386300883947	0.136455479300098	-0.12266733570722	0.902370530802038	0.906061207819634
hsa-mir-548aw	0.541081115021026	0.0139692209817756	0.176722897659923	0.079045902748026	0.936996112147486	0.938908349111053
hsa-mir-518b	0.352523909603716	0.0224776630290829	0.309177691615711	0.0727014388121548	0.942043703574675	0.942043703574675
