genes	logFC	logCPM	PValue	FDR
hsa-mir-486-1	hsa-mir-486-1	-4.67750527926879	6.87836628286761	2.00308893723475e-254	6.09848249912155e-252
hsa-mir-486-2	hsa-mir-486-2	-4.68396277021883	6.87117042862573	2.48410692428576e-254	6.09848249912155e-252
hsa-mir-139	hsa-mir-139	-2.97655854841532	6.39971231889904	1.16075487696989e-210	1.89976881530739e-208
hsa-mir-145	hsa-mir-145	-2.40731276757726	10.9103383733596	1.28759714734436e-139	1.5805254983652e-137
hsa-mir-21	hsa-mir-21	2.19501850964717	17.8477484323327	6.13630615387406e-129	6.02585264310432e-127
hsa-mir-144	hsa-mir-144	-3.2773855047189	6.73979343303055	1.27983448162217e-126	1.04733121746081e-124
hsa-mir-4732	hsa-mir-4732	-4.12803558770089	-0.0881583377072002	3.74004442922645e-113	2.62337402107169e-111
hsa-mir-451a	hsa-mir-451a	-3.45803194284962	9.04731324696088	9.70100940677696e-111	5.95399452340936e-109
hsa-mir-10b	hsa-mir-10b	-1.90410517765265	16.4551449337828	6.62713417098457e-103	3.61546986439269e-101
hsa-mir-96	hsa-mir-96	3.26432067301435	5.29403563898441	1.67879727831087e-76	8.24289463650637e-75
hsa-mir-99a	hsa-mir-99a	-1.94377285538988	9.92361892021784	4.81906153134226e-74	2.15105382899005e-72
hsa-mir-183	hsa-mir-183	2.92496341780244	14.0398884412058	1.7509046461631e-70	7.16411817721735e-69
hsa-mir-100	hsa-mir-100	-1.69511197742698	11.9173887570751	1.84140593775191e-68	6.95484858027839e-67
hsa-mir-125b-1	hsa-mir-125b-1	-1.73270486072502	8.89040164737713	1.08045415492573e-67	3.7893070719181e-66
hsa-mir-125b-2	hsa-mir-125b-2	-1.71830879851378	8.9579918330132	8.41744713998772e-67	2.75531103048931e-65
hsa-let-7c	hsa-let-7c	-1.67672749687101	11.5734487822287	1.01366653513021e-55	3.11068917968082e-54
hsa-mir-592	hsa-mir-592	4.52335731014262	2.28730359080804	2.40931990841375e-55	6.95868279430088e-54
hsa-mir-182	hsa-mir-182	2.28030148878799	15.4735541445165	1.19906904438891e-54	3.27079389330529e-53
hsa-mir-337	hsa-mir-337	-1.92230248306669	5.65312498983274	2.75032403310612e-54	7.10741631713212e-53
hsa-mir-378a	hsa-mir-378a	-1.73029650909293	8.58999896846104	1.25305182793912e-53	3.07624223759055e-52
hsa-mir-378c	hsa-mir-378c	-1.7236509237836	2.64564904740103	9.40341768750693e-53	2.19860861169805e-51
hsa-mir-204	hsa-mir-204	-2.57667076806178	2.6430612124593	7.27370106205562e-51	1.6233578279406e-49
hsa-mir-141	hsa-mir-141	2.11527054016359	10.800682605144	2.36947055449869e-49	5.05830453156024e-48
hsa-mir-429	hsa-mir-429	2.52455636745599	6.85109027376491	3.44285678088063e-49	7.04351116421829e-48
hsa-mir-551b	hsa-mir-551b	-2.36880484754584	1.43130483358567	4.53828164576372e-49	8.91318515227996e-48
hsa-mir-200a	hsa-mir-200a	2.09395855326241	9.84999997787416	5.06027529005394e-48	9.55613525929418e-47
hsa-mir-335	hsa-mir-335	-1.87400331278237	7.03419025144338	2.84106557321852e-47	5.16653035722332e-46
hsa-mir-193a	hsa-mir-193a	-1.17725295354594	9.04492450621857	7.7646111796651e-47	1.3615800318627e-45
hsa-mir-3199-2	hsa-mir-3199-2	-1.67755838186786	0.468552293133247	2.25455776190343e-46	3.81719952101581e-45
hsa-mir-1258	hsa-mir-1258	-2.37872858454781	1.18207974610842	2.97692440982972e-46	4.87223295075464e-45
hsa-mir-195	hsa-mir-195	-1.36041432995118	5.87635745948073	1.06714974670806e-45	1.69022750204405e-44
hsa-mir-511	hsa-mir-511	-1.88790816565314	3.44080600314987	3.09669308799175e-39	4.75148845688734e-38
hsa-mir-497	hsa-mir-497	-1.29959525134298	5.04763944914983	5.08623752873272e-38	7.56770492911444e-37
hsa-mir-365b	hsa-mir-365b	-1.315771958888	6.98668023796477	3.893969181062e-37	5.62334961147483e-36
hsa-mir-365a	hsa-mir-365a	-1.31275037451682	6.99017272832851	6.96604719418449e-37	9.77236906384167e-36
hsa-mir-6715a	hsa-mir-6715a	-2.7880148373658	-0.205926257787039	2.99116188405383e-36	4.07961245852898e-35
hsa-mir-6892	hsa-mir-6892	-1.48301277652393	1.78120468644481	1.32873985819682e-35	1.76327370371524e-34
hsa-mir-190b	hsa-mir-190b	3.37878776020187	4.24768038173224	4.3963990256971e-35	5.68061032004546e-34
hsa-mir-5683	hsa-mir-5683	-2.24735189362742	4.00406429662391	9.75814950492068e-35	1.22852600177335e-33
hsa-mir-665	hsa-mir-665	-1.86690195796597	0.080358629375123	1.48000897863118e-34	1.81671102126978e-33
hsa-mir-7705	hsa-mir-7705	2.93529233297836	0.669086303370149	1.45343663764451e-33	1.74057899776453e-32
hsa-mir-6507	hsa-mir-6507	-2.53843824685643	-0.356888680245103	1.77026799491299e-33	2.06952758452924e-32
hsa-mir-200c	hsa-mir-200c	1.51607498046135	13.4896778004989	3.90012374277285e-33	4.45339711093365e-32
hsa-mir-1301	hsa-mir-1301	1.95158051604012	4.12304962884074	2.34037926044165e-32	2.61165049290193e-31
hsa-mir-200b	hsa-mir-200b	1.63245128667281	9.4741553602255	2.17539470291159e-31	2.37359733139909e-30
hsa-mir-6716	hsa-mir-6716	-1.36750503845562	0.448293278408418	5.73383674569595e-31	6.12024748290589e-30
hsa-mir-196a-1	hsa-mir-196a-1	3.28492948052841	8.40221925880308	8.8295598816415e-31	9.22407213167229e-30
hsa-mir-181b-1	hsa-mir-181b-1	1.60688785370221	7.78175688418738	9.543056182258e-31	9.76175121976807e-30
hsa-mir-196a-2	hsa-mir-196a-2	3.11319092580935	8.59814669069451	4.16785484321382e-29	4.17636066942447e-28
hsa-mir-607	hsa-mir-607	-1.96643789758087	-0.317678819855748	1.78869734023148e-28	1.75650078810732e-27
hsa-mir-3610	hsa-mir-3610	2.6215544291562	0.7605662380402	6.10523689696758e-28	5.87778689492369e-27
hsa-mir-126	hsa-mir-126	-1.12564477662245	11.7736803131069	1.08898645676485e-27	1.01601558797236e-26
hsa-mir-181b-2	hsa-mir-181b-2	1.55385570494924	7.63638671720458	1.09671743711884e-27	1.01601558797236e-26
hsa-mir-210	hsa-mir-210	2.95451730260208	9.33086520682959	1.17534201217196e-27	1.06869060736376e-26
hsa-mir-378d-2	hsa-mir-378d-2	-1.81384211318811	-0.382484276656724	5.2712011459714e-27	4.70574502303993e-26
hsa-mir-32	hsa-mir-32	1.35142919988684	4.97163724237657	7.83534550314392e-27	6.8699190036494e-26
hsa-mir-585	hsa-mir-585	-1.80910531242033	0.200130318421649	7.99895579345977e-27	6.8903285869978e-26
hsa-mir-495	hsa-mir-495	-1.41344805195237	3.28456355962963	1.87440277954673e-26	1.58677890475422e-25
hsa-mir-92b	hsa-mir-92b	1.62563638184937	7.11151439307373	2.09522429869023e-26	1.74365276382526e-25
hsa-mir-184	hsa-mir-184	5.63825656631793	6.81540604781932	7.18879482714792e-26	5.88283043354938e-25
hsa-mir-4724	hsa-mir-4724	4.26026636790109	1.05173160288633	7.46189202819149e-26	6.00621145220003e-25
hsa-mir-33b	hsa-mir-33b	2.63606805660633	3.14915868360103	3.62848921042361e-25	2.87352935857741e-24
hsa-mir-377	hsa-mir-377	-1.269257456183	2.09167168451491	2.04749306495067e-24	1.59574459506473e-23
hsa-mir-3065	hsa-mir-3065	2.24834899657731	5.91230973715584	6.02047628614545e-24	4.61883415077722e-23
hsa-mir-128-2	hsa-mir-128-2	1.20816360301242	5.84776755968116	8.79516908391024e-24	6.6437354156922e-23
hsa-mir-3199-1	hsa-mir-3199-1	-1.61563328936892	-0.325730411713525	1.67200922194099e-23	1.24387352723186e-22
hsa-mir-379	hsa-mir-379	-1.13083249603385	9.76111533420516	2.38195764264233e-23	1.74558388438415e-22
hsa-mir-28	hsa-mir-28	-0.694502053387906	12.0942042545527	4.689732733009e-23	3.38626289986385e-22
hsa-mir-143	hsa-mir-143	-1.0252517257197	15.6982289435127	5.6261397815202e-23	4.00352845322669e-22
hsa-mir-381	hsa-mir-381	-1.10287220875417	5.12992325433595	1.31807567819774e-22	9.24535939992983e-22
hsa-mir-4677	hsa-mir-4677	1.18620388387042	3.45366559452614	2.26340330378435e-22	1.56525496078608e-21
hsa-mir-937	hsa-mir-937	2.89606223664987	2.30525042318161	4.2743378575216e-22	2.91486095561543e-21
hsa-mir-142	hsa-mir-142	1.96216619652424	11.3939404137312	5.21236658643774e-22	3.50585204649442e-21
hsa-mir-93	hsa-mir-93	1.1996572137767	12.393599796327	8.03847580413375e-22	5.33363732409415e-21
hsa-mir-1247	hsa-mir-1247	-1.65991826386004	5.56168032772254	8.23190223354107e-22	5.38915199555822e-21
hsa-mir-3677	hsa-mir-3677	2.12253823440311	3.7992878641345	9.11555870971744e-22	5.88913069272535e-21
hsa-mir-340	hsa-mir-340	1.04965161197524	4.87425407264754	9.93589628222687e-22	6.33574685009532e-21
hsa-mir-760	hsa-mir-760	2.43596813883991	2.09544217056887	1.20138180845904e-21	7.56254446094086e-21
hsa-mir-148b	hsa-mir-148b	1.0359617054308	7.60294711737569	1.30634239930468e-21	8.11916605137464e-21
hsa-mir-155	hsa-mir-155	1.60304853846899	8.83560522619046	1.80764250059079e-21	1.1094405847376e-20
hsa-mir-299	hsa-mir-299	-1.17785372812017	2.18456341347494	2.76196233605014e-21	1.67422655185261e-20
hsa-mir-378d-1	hsa-mir-378d-1	-1.79884431386561	-0.490036236145581	5.28690803840113e-21	3.14907314202737e-20
hsa-mir-192	hsa-mir-192	1.32661357189297	8.91919779156382	5.32328046411958e-21	3.14907314202737e-20
hsa-mir-454	hsa-mir-454	1.38498937471173	3.58142447239656	6.70723281185216e-21	3.92053727454692e-20
hsa-mir-301b	hsa-mir-301b	2.82736555805919	1.05397883366628	8.1753198801207e-21	4.67762997807926e-20
hsa-mir-342	hsa-mir-342	1.55628141213466	8.96606603700674	8.19299751761337e-21	4.67762997807926e-20
hsa-mir-128-1	hsa-mir-128-1	1.0133924121035	6.41600591801598	8.88324359491743e-21	5.01341678747639e-20
hsa-mir-449a	hsa-mir-449a	5.63208872210195	3.36090613284003	3.11504524118863e-20	1.73805365161774e-19
hsa-mir-676	hsa-mir-676	-1.30022395513335	0.438549133912294	3.74617483129127e-20	2.06670993501574e-19
hsa-mir-15a	hsa-mir-15a	0.900080096313342	7.23758463067887	1.35431480789305e-19	7.37913643529894e-19
hsa-mir-218-2	hsa-mir-218-2	-0.900978723700665	4.45316091121316	1.36761999106355e-19	7.37913643529894e-19
hsa-mir-203a	hsa-mir-203a	2.14843085220252	12.8090700946121	1.39453119532932e-19	7.44255235768149e-19
hsa-mir-375	hsa-mir-375	2.42662784241583	14.3638552387728	1.42279587603103e-19	7.51175027022835e-19
hsa-mir-130b	hsa-mir-130b	1.42998471145243	4.73138393778302	2.19570827467817e-19	1.14690719453934e-18
hsa-mir-3662	hsa-mir-3662	3.0926971590126	0.0753815788019995	2.4744599505063e-19	1.27890509020904e-18
hsa-mir-940	hsa-mir-940	2.03217296352687	2.62609665615821	2.95041223449432e-19	1.50901292410074e-18
hsa-mir-891a	hsa-mir-891a	-1.78884892633516	1.3844013794361	4.76296144730116e-19	2.41094234085038e-18
hsa-mir-4746	hsa-mir-4746	1.60208990525581	1.8387197321093	7.10077145447666e-19	3.55763141239596e-18
hsa-mir-218-1	hsa-mir-218-1	-0.870845021422702	4.53453859180558	1.13087378693666e-18	5.60867706450404e-18
hsa-mir-1307	hsa-mir-1307	1.22727247856704	10.4332891369162	1.17176640295048e-18	5.75337303848686e-18
hsa-mir-452	hsa-mir-452	-1.5676928936861	6.25666038277373	1.71732571384605e-18	8.34858342077632e-18
hsa-mir-7706	hsa-mir-7706	1.64152239340041	1.46830606237238	1.7597021112475e-18	8.47072290806394e-18
hsa-mir-215	hsa-mir-215	-1.21212850297098	2.88203973415657	2.78046280952522e-18	1.32544392182222e-17
hsa-mir-147b	hsa-mir-147b	2.297832006025	0.686156040679636	3.03854611386669e-18	1.43454436721975e-17
hsa-mir-1262	hsa-mir-1262	-1.35317965546253	0.342831600623866	3.23939765321735e-18	1.51480404545688e-17
hsa-mir-671	hsa-mir-671	1.03394022283015	3.25037996991062	3.42110336157721e-18	1.58468089673057e-17
hsa-mir-98	hsa-mir-98	0.837920644202089	5.96848475294924	3.73330732573133e-18	1.71313448311597e-17
hsa-mir-7-3	hsa-mir-7-3	3.0001928677853	0.662813480373455	4.4935640843992e-18	2.04290737540741e-17
hsa-mir-133a-2	hsa-mir-133a-2	-1.74420900380238	1.7321328579946	4.85642649727462e-18	2.18761964235031e-17
hsa-mir-4664	hsa-mir-4664	2.96778041249859	0.429231187542372	5.10033160199303e-18	2.27660256052598e-17
hsa-mir-433	hsa-mir-433	-1.32217014251168	0.945943628477495	5.56469645905821e-18	2.45440125888575e-17
hsa-mir-301a	hsa-mir-301a	1.80195485483511	4.24900889006828	5.59863423615486e-18	2.45440125888575e-17
hsa-mir-103a-2	hsa-mir-103a-2	0.864116172330686	13.3540931103544	7.4319180812327e-18	3.22926706007545e-17
hsa-mir-103a-1	hsa-mir-103a-1	0.861170611050553	13.3527795630339	9.78066178202388e-18	4.21254818857344e-17
hsa-mir-493	hsa-mir-493	1.47896486868994	3.9391812101573	1.17091785486519e-17	4.99931014555486e-17
hsa-mir-133a-1	hsa-mir-133a-1	-1.73680761615754	1.87975848207171	1.2565422449473e-17	5.3186400195614e-17
hsa-mir-326	hsa-mir-326	-1.27390636137372	3.70021642200915	1.39581955633787e-17	5.8576701039478e-17
hsa-mir-140	hsa-mir-140	-0.898367925719621	9.78430258621933	3.06810295927682e-17	1.27664284152959e-16
hsa-mir-1277	hsa-mir-1277	1.74416011126071	0.768087449538514	6.28259742123573e-17	2.59223137296365e-16
hsa-mir-4501	hsa-mir-4501	3.45362391371032	0.72845389309334	1.27779270591547e-16	5.22830182170415e-16
hsa-mir-203b	hsa-mir-203b	2.4246670589239	6.0062312823812	1.43694124036633e-16	5.83089379355262e-16
hsa-mir-584	hsa-mir-584	-1.23703484018231	5.92834895567827	2.07585463793198e-16	8.35446415757872e-16
hsa-mir-22	hsa-mir-22	-0.546018162204769	16.1460057413709	4.16357233821472e-16	1.66204391712474e-15
hsa-mir-205	hsa-mir-205	-1.49840880677627	11.5486428416823	6.76549908644869e-16	2.67891939632767e-15
hsa-mir-1269a	hsa-mir-1269a	6.53834593740304	6.36894692005168	8.000063876585e-16	3.14242509072259e-15
hsa-mir-188	hsa-mir-188	1.68245475243777	1.88830744040526	9.97871805603197e-16	3.88853219485055e-15
hsa-mir-4638	hsa-mir-4638	1.90768213521539	0.942506800991404	1.27433825336798e-15	4.92677230239119e-15
hsa-mir-187	hsa-mir-187	2.95010314504756	5.45319854512851	1.95703496748063e-15	7.50706382057024e-15
hsa-mir-181a-1	hsa-mir-181a-1	0.915559506665246	10.1279778601292	2.44864942519985e-15	9.32005323855136e-15
hsa-mir-654	hsa-mir-654	-1.08684963894376	4.79598581101598	2.69676462001239e-15	1.01854725263545e-14
hsa-mir-7156	hsa-mir-7156	2.99252221877416	0.88253752225225	3.5231218282362e-15	1.32049833409464e-14
hsa-mir-7-1	hsa-mir-7-1	1.11667815360777	5.17605944737483	6.0931407514888e-15	2.266463718925e-14
hsa-mir-639	hsa-mir-639	1.90761085105346	0.039080728401828	1.05471233626624e-14	3.89371245944905e-14
hsa-mir-370	hsa-mir-370	-0.939672582499281	3.58463366770025	1.26907390662197e-14	4.65011409068199e-14
hsa-mir-3664	hsa-mir-3664	2.33608059799979	0.481342425047067	1.73075521127847e-14	6.29482080546464e-14
hsa-mir-432	hsa-mir-432	-1.07618234254726	3.08499682597172	1.77204264932084e-14	6.39759515306276e-14
hsa-mir-107	hsa-mir-107	0.725055135794737	6.06721543886174	2.06350096191245e-14	7.39546695108769e-14
hsa-mir-3127	hsa-mir-3127	1.11770714690653	3.23991465903405	2.33081863952656e-14	8.29298515947493e-14
hsa-mir-769	hsa-mir-769	0.78022589056567	4.94955191469058	3.18487303015892e-14	1.12501630058132e-13
hsa-mir-191	hsa-mir-191	1.03499160362919	10.0748989183172	3.49290913652018e-14	1.22501313287958e-13
hsa-mir-4326	hsa-mir-4326	1.86015953366264	3.00242735912557	4.00274299152812e-14	1.39386298499313e-13
hsa-mir-376c	hsa-mir-376c	-1.05672360287584	2.69940118056115	5.06605572191582e-14	1.751713633423e-13
hsa-mir-181c	hsa-mir-181c	1.05772794988587	6.87650987581039	9.04196368038366e-14	3.10461829864921e-13
hsa-mir-134	hsa-mir-134	-0.862167067734798	8.74620275532643	1.13101415451579e-13	3.85644409630038e-13
hsa-mir-494	hsa-mir-494	-1.14339610526546	1.31336681445444	1.15916180188461e-13	3.925161687761e-13
hsa-mir-33a	hsa-mir-33a	1.41283311636425	4.32527229611616	1.1769343038382e-13	3.95804618619558e-13
hsa-mir-590	hsa-mir-590	1.06799367988798	4.30812345592334	1.18880974418023e-13	3.9707862883843e-13
hsa-mir-3613	hsa-mir-3613	0.894785022859417	3.57956291227195	1.25271077562556e-13	4.15595264075778e-13
hsa-mir-2114	hsa-mir-2114	2.65463243150888	0.716215946419076	1.27246340948679e-13	4.1931512352887e-13
hsa-mir-4668	hsa-mir-4668	1.40601166498171	2.26403993033749	1.3789145326084e-13	4.51364690340482e-13
hsa-mir-3652	hsa-mir-3652	1.44189072573088	0.331267096993057	1.4174616967616e-13	4.60909730536386e-13
hsa-mir-758	hsa-mir-758	-0.919951701081465	4.51312122479402	1.56695630296861e-13	5.06168121551044e-13
hsa-mir-449c	hsa-mir-449c	4.4703050630182	0.392630388268811	1.6599517132108e-13	5.32703458291833e-13
hsa-mir-331	hsa-mir-331	1.05199450412929	5.30610784746326	2.31615987436103e-13	7.3846395994238e-13
hsa-mir-190a	hsa-mir-190a	-0.748227293329303	2.38399699150212	3.40949044344398e-13	1.0800385856329e-12
hsa-mir-605	hsa-mir-605	-1.30162515968726	0.0087925847581693	4.25902364342842e-13	1.34050039033548e-12
hsa-mir-181d	hsa-mir-181d	1.20393422406792	4.92008206257616	6.48263329814768e-13	2.02737130534427e-12
hsa-mir-5586	hsa-mir-5586	1.06970949854383	2.05001135275221	6.62743759554353e-13	2.0595391515265e-12
hsa-mir-675	hsa-mir-675	-1.18178661564522	5.73001367379979	1.0514704502254e-12	3.24699365446963e-12
hsa-mir-17	hsa-mir-17	1.0826234059695	9.40790318355599	1.26342244818789e-12	3.8771276378766e-12
hsa-mir-9-3	hsa-mir-9-3	2.26982877100612	10.0863169693052	1.36735983238636e-12	4.17002284286772e-12
hsa-mir-9-2	hsa-mir-9-2	2.26787052868441	10.0824799214662	1.40065145494078e-12	4.24518434799951e-12
hsa-mir-9-1	hsa-mir-9-1	2.26383353092197	10.082526696857	1.47539067471279e-12	4.44427497720232e-12
hsa-mir-655	hsa-mir-655	-0.928831396194917	1.72571198016797	1.61496907254257e-12	4.83505984523417e-12
hsa-mir-449b	hsa-mir-449b	4.03540650220568	1.21035470713556	1.69624699879179e-12	5.04761985701072e-12
hsa-mir-3614	hsa-mir-3614	1.4507124937805	2.41870594047467	2.35767790168488e-12	6.97361355257394e-12
hsa-mir-4446	hsa-mir-4446	2.47051989393303	-0.0523145319574054	6.01572202641336e-12	1.7686943203407e-11
hsa-mir-130a	hsa-mir-130a	-0.822663644722161	6.40373244251183	6.50474530775528e-12	1.90108925363562e-11
hsa-mir-154	hsa-mir-154	-0.855038817851319	3.11064154203953	7.18492868398277e-12	2.08745561173701e-11
hsa-mir-328	hsa-mir-328	-0.891885834492818	5.76738133023764	8.28989999026694e-12	2.39431817365945e-11
hsa-mir-651	hsa-mir-651	0.965450183261016	1.70246186898063	9.38336643376316e-12	2.69428825671211e-11
hsa-mir-877	hsa-mir-877	1.58026250701591	1.33921939157612	1.12204169814204e-11	3.20303763830081e-11
hsa-mir-29a	hsa-mir-29a	-0.62046480228686	12.3897838348058	1.86805748093299e-11	5.30182787941097e-11
hsa-mir-6854	hsa-mir-6854	1.30394110431568	0.398563239011134	2.16476407404902e-11	6.10861586412684e-11
hsa-mir-151b	hsa-mir-151b	-0.791525602017994	1.32429752876893	2.67194756407198e-11	7.49672145119624e-11
hsa-mir-3690-1	hsa-mir-3690-1	1.54961289179751	0.312728566076249	2.83508111135076e-11	7.9092319640524e-11
hsa-mir-487b	hsa-mir-487b	-0.850229014856587	2.67122922010715	4.14349744098313e-11	1.14941087204673e-10
hsa-mir-4652	hsa-mir-4652	3.48858182315745	-0.0704166626480755	7.01471855906938e-11	1.93495888342869e-10
hsa-mir-135b	hsa-mir-135b	2.33957448597723	4.62235137852243	8.69513028569477e-11	2.38508881021013e-10
hsa-mir-148a	hsa-mir-148a	0.908846366979605	15.6430256709181	9.14201894894655e-11	2.49373961329598e-10
hsa-mir-421	hsa-mir-421	0.957981809242111	1.73519570302007	9.77540626298237e-11	2.65178147796925e-10
hsa-mir-5684	hsa-mir-5684	1.23248145773113	0.254424576965974	1.22705282164547e-10	3.31034579905453e-10
hsa-mir-330	hsa-mir-330	0.836570687918403	5.26723400900349	1.24814278369264e-10	3.34884211362343e-10
hsa-mir-629	hsa-mir-629	0.596582817288531	7.01300199663229	2.63113204188393e-10	7.02111865524461e-10
hsa-mir-19a	hsa-mir-19a	1.09229742730622	4.89276814513958	3.9812688634507e-10	1.05665027673205e-09
hsa-mir-3150b	hsa-mir-3150b	1.71874044008731	1.63969594178702	4.21484132544364e-10	1.11262746816819e-09
hsa-mir-223	hsa-mir-223	-0.823321517915789	7.11537897334614	4.87455017377277e-10	1.27989525953071e-09
hsa-mir-656	hsa-mir-656	-0.960237172061368	0.449147572829319	4.90356208208771e-10	1.28066435228993e-09
hsa-mir-18a	hsa-mir-18a	1.28541377826482	3.79501816350418	5.82004333451964e-10	1.51197951177203e-09
hsa-mir-3117	hsa-mir-3117	1.68822591827446	-0.0166096827707325	6.07448499559634e-10	1.56977480675674e-09
hsa-mir-5010	hsa-mir-5010	-0.928932590960235	0.262498273465847	6.24959442874814e-10	1.6065711332541e-09
hsa-mir-1295a	hsa-mir-1295a	-1.0754099588429	0.87980646579663	6.75248518841962e-10	1.72680741016356e-09
hsa-mir-3200	hsa-mir-3200	1.42317646239562	2.40869275564628	6.88577751726349e-10	1.75177034247481e-09
hsa-mir-519a-1	hsa-mir-519a-1	3.47660569441313	2.99443874344238	7.2557992546025e-10	1.83639042990197e-09
hsa-mir-1271	hsa-mir-1271	-0.855475280011902	2.05673298246624	7.69688648418932e-10	1.93803654550613e-09
hsa-mir-411	hsa-mir-411	-0.842782276803386	3.05872633159163	9.17963509234207e-10	2.29959226037753e-09
hsa-mir-574	hsa-mir-574	-0.637119409177723	6.83431091605775	1.04841376302257e-09	2.61305156164509e-09
hsa-mir-939	hsa-mir-939	1.07144593853017	0.808034642580294	1.487177017808e-09	3.68789856436227e-09
hsa-mir-539	hsa-mir-539	-0.890261671718265	3.55193366495677	1.79536369114956e-09	4.4297666952484e-09
hsa-mir-3926-1	hsa-mir-3926-1	-0.929532963898617	0.295111799511674	1.83033394216901e-09	4.49346982802492e-09
hsa-mir-503	hsa-mir-503	1.07946472675135	3.98276747567298	2.06245621127748e-09	5.03813930217535e-09
hsa-mir-615	hsa-mir-615	1.19991790256262	3.59552097871111	2.616593944048e-09	6.36013676498796e-09
hsa-mir-491	hsa-mir-491	-0.728616130682131	2.28302161227374	3.17386363864138e-09	7.67668495848729e-09
hsa-mir-20a	hsa-mir-20a	0.912158984280706	8.03488085458398	4.00971098398483e-09	9.6508239859635e-09
hsa-mir-708	hsa-mir-708	0.719773150478713	7.09179726207312	4.39164705819223e-09	1.05185302710848e-08
hsa-mir-455	hsa-mir-455	1.13683399271314	8.16471082404163	6.50303811950541e-09	1.54999597896949e-08
hsa-mir-660	hsa-mir-660	0.734701862922922	5.20953538467436	7.04063872280303e-09	1.6700258999499e-08
hsa-mir-3926-2	hsa-mir-3926-2	-0.802709910954356	0.583467950332386	8.72861281599482e-09	2.06045619839109e-08
hsa-mir-4444-2	hsa-mir-4444-2	1.08221986108295	0.234363037573002	9.11862579422373e-09	2.14222261481524e-08
hsa-mir-5694	hsa-mir-5694	1.81124512148742	0.478913944869436	1.08578397591399e-08	2.53866634368462e-08
hsa-mir-1251	hsa-mir-1251	3.03809131572372	1.36972759628731	1.22604581026581e-08	2.85302603241949e-08
hsa-mir-127	hsa-mir-127	-0.630112235503805	9.92495882720853	1.29784210946764e-08	3.005851300701e-08
hsa-mir-6761	hsa-mir-6761	-1.02805533984162	0.634969274875935	1.75076502507621e-08	4.03580106719446e-08
hsa-mir-1468	hsa-mir-1468	-0.839161697866011	3.08832737689687	1.79230942429101e-08	4.112261342649e-08
hsa-mir-766	hsa-mir-766	0.853258509727208	3.39252838657241	2.39301463486453e-08	5.46497760799296e-08
hsa-mir-659	hsa-mir-659	0.71842802760051	1.06877140955942	2.96488571751585e-08	6.73962447824204e-08
hsa-mir-431	hsa-mir-431	-0.794744791833008	3.83693385274414	3.3208446692224e-08	7.51398494280277e-08
hsa-mir-4728	hsa-mir-4728	1.50998613093294	2.30193315704493	3.51116530293557e-08	7.90817506303378e-08
hsa-mir-6511b-2	hsa-mir-6511b-2	-0.804237879919753	1.1162478793391	3.91000274809787e-08	8.76626186902308e-08
hsa-mir-556	hsa-mir-556	1.37668939976434	0.457285675827945	3.97742698628422e-08	8.87689386484342e-08
hsa-mir-1224	hsa-mir-1224	2.0042519094705	1.10620573750787	5.04779201606099e-08	1.12147777370405e-07
hsa-mir-548e	hsa-mir-548e	1.19863512019549	0.0286825696648215	5.17643153201043e-08	1.14487742442213e-07
hsa-mir-106b	hsa-mir-106b	0.592601353111421	9.29053543040744	5.37546848199728e-08	1.18222574401444e-07
hsa-mir-3913-2	hsa-mir-3913-2	0.767543161969379	1.23543409860499	5.39345349611474e-08	1.18222574401444e-07
hsa-mir-1292	hsa-mir-1292	1.16035151648449	0.0131664762307763	5.5449016211437e-08	1.21002075376958e-07
hsa-mir-885	hsa-mir-885	2.22284947362103	1.76762527720873	6.53937128601717e-08	1.42072181479399e-07
hsa-mir-6511b-1	hsa-mir-6511b-1	-0.81144590564853	1.10872760285766	6.62972698098332e-08	1.43400702540212e-07
hsa-mir-3934	hsa-mir-3934	0.926545668536491	1.15911593615385	7.03214806596625e-08	1.51437925455677e-07
hsa-mir-2110	hsa-mir-2110	-0.718780467871065	1.46651354386951	7.14891700431037e-08	1.53280272887179e-07
hsa-mir-345	hsa-mir-345	0.976584907860328	4.66078657049977	8.29213764691359e-08	1.77019112375416e-07
hsa-mir-374b	hsa-mir-374b	-0.442366020896487	5.92746786152942	9.01864405316853e-08	1.91694988316266e-07
hsa-mir-296	hsa-mir-296	-0.88635522465817	2.73935705994053	1.13524739340539e-07	2.40261409552607e-07
hsa-mir-29b-1	hsa-mir-29b-1	0.646731466059708	8.28712503148447	1.14556883102258e-07	2.41405277266991e-07
hsa-mir-151a	hsa-mir-151a	0.503005764630069	11.1880452233156	1.76227206893112e-07	3.69775891386829e-07
hsa-mir-3187	hsa-mir-3187	1.37352164173167	-0.0355331768521943	1.8802746763828e-07	3.9285738983147e-07
hsa-mir-329-2	hsa-mir-329-2	-1.00580853510374	0.00749978006515654	2.21845528522329e-07	4.61551502137557e-07
hsa-mir-3922	hsa-mir-3922	0.995788752828336	0.190556598317837	2.91523491252803e-07	6.0367398341246e-07
hsa-mir-26a-1	hsa-mir-26a-1	-0.412229856924842	9.9910754614229	2.93576688100378e-07	6.0367398341246e-07
hsa-mir-202	hsa-mir-202	-0.946651674258813	0.65485262053478	2.93845380927857e-07	6.0367398341246e-07
hsa-let-7i	hsa-let-7i	-0.351917908633195	9.06298468282356	3.00289473219386e-07	6.14342213961327e-07
hsa-mir-6820	hsa-mir-6820	-0.981365360812023	0.0292037495139055	3.08086927143033e-07	6.27679175216718e-07
hsa-mir-589	hsa-mir-589	0.545644776123774	6.12464940232018	3.19101045506818e-07	6.47432286544824e-07
hsa-mir-5699	hsa-mir-5699	1.05222325246721	0.341999453368205	3.77228701863218e-07	7.6221931117218e-07
hsa-mir-26a-2	hsa-mir-26a-2	-0.406809218111045	9.99263409244454	4.18582557687272e-07	8.42311622231355e-07
hsa-mir-382	hsa-mir-382	-0.580029944465017	4.74337668459406	4.99582209478383e-07	1.00120353001586e-06
hsa-mir-3129	hsa-mir-3129	-0.860238802908896	0.0192195989313332	5.29841072934224e-07	1.05752832036872e-06
hsa-mir-211	hsa-mir-211	-1.52242550672274	-0.509748651065873	6.55960916291973e-07	1.30395469594882e-06
hsa-mir-487a	hsa-mir-487a	-0.831525086273635	1.19130753994212	6.96907500621641e-07	1.37976444679527e-06
hsa-mir-3615	hsa-mir-3615	0.882780038157988	2.26941803978515	7.14353703406393e-07	1.4086251741869e-06
hsa-mir-5001	hsa-mir-5001	0.961889348129961	0.106213622495405	9.37992117732721e-07	1.84221651922706e-06
hsa-mir-1266	hsa-mir-1266	0.773525730584137	4.16217916366389	9.86583623546298e-07	1.92993051458658e-06
hsa-mir-409	hsa-mir-409	-0.55776773421083	5.34050484283283	9.98303792767406e-07	1.94510778670157e-06
hsa-mir-643	hsa-mir-643	0.786202156095149	0.274777703956163	1.03272232884831e-06	2.00421606112459e-06
hsa-mir-3170	hsa-mir-3170	0.984864258427244	1.3136048180204	1.11179724606406e-06	2.14918286542304e-06
hsa-mir-1228	hsa-mir-1228	-0.695753243802946	0.886461453283914	1.13522632845494e-06	2.18586716577011e-06
hsa-mir-149	hsa-mir-149	1.00850741589206	7.38662197862083	1.21425623887132e-06	2.32890552064773e-06
hsa-mir-1180	hsa-mir-1180	0.870158471419842	3.91754061197292	1.22595710665268e-06	2.34219820765162e-06
hsa-mir-125a	hsa-mir-125a	-0.424320169074182	10.0797695021404	1.30805680477366e-06	2.48936391916228e-06
hsa-mir-1249	hsa-mir-1249	-0.629277387502455	1.60051249380552	1.52542434327936e-06	2.89182761602381e-06
hsa-mir-3682	hsa-mir-3682	0.926640639758409	0.609449043060652	2.39721616498311e-06	4.52402011024961e-06
hsa-mir-3913-1	hsa-mir-3913-1	0.651668622806619	1.20409712827898	2.40482535392087e-06	4.52402011024961e-06
hsa-mir-29b-2	hsa-mir-29b-2	0.550090623254318	8.53763530431458	2.64535448635191e-06	4.95751546869766e-06
hsa-mir-6503	hsa-mir-6503	-0.831424958609775	-0.152408781846181	2.91594694587905e-06	5.44384011569055e-06
hsa-mir-106a	hsa-mir-106a	0.839195755543161	4.42749311957998	3.46270373858885e-06	6.44010430169366e-06
hsa-mir-485	hsa-mir-485	-0.709386707158611	2.60610703269652	3.56601761147822e-06	6.6072250839087e-06
hsa-mir-4491	hsa-mir-4491	-0.927246101502168	-0.0804439220375111	3.60385743722097e-06	6.65223308900563e-06
hsa-mir-3157	hsa-mir-3157	-0.921177696736394	-0.285974925865946	4.60937838623552e-06	8.4667330971989e-06
hsa-mir-3912	hsa-mir-3912	0.677019187496318	0.409145520446518	4.62135329948942e-06	8.4667330971989e-06
hsa-mir-3917	hsa-mir-3917	0.753153810511162	1.00009777162368	5.25872136458267e-06	9.59863267661744e-06
hsa-mir-15b	hsa-mir-15b	0.595421695051094	7.94460282068925	5.56672350699689e-06	1.01231897849462e-05
hsa-mir-181a-2	hsa-mir-181a-2	0.423903744535848	10.6595279699151	6.28367168696955e-06	1.13848073738083e-05
hsa-mir-3678	hsa-mir-3678	0.978457625963331	0.322753286695125	6.78683146374313e-06	1.22512288555069e-05
hsa-mir-541	hsa-mir-541	-0.81305761573311	0.240274551625287	6.83458881148963e-06	1.22922458111407e-05
hsa-mir-138-2	hsa-mir-138-2	1.44102252850882	0.132306660369092	6.94248185497371e-06	1.24407247839127e-05
hsa-mir-508	hsa-mir-508	1.08362277147302	3.50362382434827	7.42997914797786e-06	1.32658900423896e-05
hsa-mir-425	hsa-mir-425	0.679824085314037	8.80861935795149	8.27243220789867e-06	1.47165370075299e-05
hsa-mir-6510	hsa-mir-6510	-1.08561630036918	3.43758170680279	9.90378503498126e-06	1.75550846648946e-05
hsa-mir-1226	hsa-mir-1226	0.929450756823651	1.14477718084846	1.08609588452907e-05	1.91824848670421e-05
hsa-mir-20b	hsa-mir-20b	1.02294661792059	5.3656889990845	1.18919670773787e-05	2.092815711467e-05
hsa-mir-369	hsa-mir-369	-0.545716125068783	3.58869973656045	1.25659489394575e-05	2.20352890331201e-05
hsa-mir-194-2	hsa-mir-194-2	0.425649389388006	6.6129641612974	1.26146927848327e-05	2.20420432646009e-05
hsa-mir-6802	hsa-mir-6802	-0.771663649918714	0.0146818582047754	1.74371736271015e-05	3.03604689748469e-05
hsa-mir-27a	hsa-mir-27a	0.431867167098973	10.1645319129963	1.82560410062991e-05	3.16739086010349e-05
hsa-let-7b	hsa-let-7b	-0.442039313967599	14.8100165803806	2.16495819055366e-05	3.74293828014736e-05
hsa-mir-153-2	hsa-mir-153-2	1.15247489125314	5.83835859880251	2.23266491860319e-05	3.84645078959356e-05
hsa-mir-329-1	hsa-mir-329-1	-0.869193337150194	-0.00337017876267018	2.36598948637323e-05	4.0618910412911e-05
hsa-mir-6874	hsa-mir-6874	-0.785220540838473	-0.247847955355361	2.38848093993811e-05	4.08621652093941e-05
hsa-mir-338	hsa-mir-338	0.718777635905843	8.57537131447591	2.59588157293914e-05	4.42561754275387e-05
hsa-mir-99b	hsa-mir-99b	0.478464315267618	15.3291748042847	2.71310441537452e-05	4.60946113477124e-05
hsa-mir-543	hsa-mir-543	-0.669364053420687	1.00937866249485	2.75069800237457e-05	4.6572162729859e-05
hsa-mir-3074	hsa-mir-3074	0.658290681360813	3.82278029535034	2.86134986235536e-05	4.8279133416374e-05
hsa-mir-1296	hsa-mir-1296	-0.543920357867131	2.95057615458525	3.20095248827704e-05	5.38242353336995e-05
hsa-mir-514a-3	hsa-mir-514a-3	1.1619518467552	0.60035858862	3.63054041867679e-05	6.08394315894302e-05
hsa-mir-1229	hsa-mir-1229	1.07784291580919	0.470446030593792	4.36222448171262e-05	7.28521163442481e-05
hsa-mir-514a-2	hsa-mir-514a-2	1.13038435014656	0.574653955603115	4.52182881910361e-05	7.52616254298263e-05
hsa-mir-4521	hsa-mir-4521	-0.730595283304429	0.388075564589819	5.00796637212018e-05	8.30713340780745e-05
hsa-mir-500b	hsa-mir-500b	0.574895791690748	2.36653899504383	5.25736253234913e-05	8.69146465785664e-05
hsa-mir-7-2	hsa-mir-7-2	1.04038981553515	0.668487386160308	5.76921379811158e-05	9.5056509223919e-05
hsa-mir-4742	hsa-mir-4742	0.701502568472953	0.559432058753067	6.45171834278739e-05	0.000105946277802964
hsa-mir-550a-3	hsa-mir-550a-3	-0.689122532185414	0.915444396936855	6.90053616847091e-05	0.000112938775290641
hsa-mir-6514	hsa-mir-6514	-0.671169850074959	-0.110051575837335	7.88076165669517e-05	0.000128553288154064
hsa-mir-579	hsa-mir-579	0.840221416834163	0.1687370201236	8.15681145689394e-05	0.000132615709448176
hsa-mir-4473	hsa-mir-4473	1.02330573176289	0.174183496404421	8.28044010789369e-05	0.000134181389207122
hsa-mir-146a	hsa-mir-146a	0.639795412805281	7.14497942105668	8.90015480259998e-05	0.000143303575970906
hsa-mir-219a-1	hsa-mir-219a-1	0.556194671931904	1.60945645580166	8.90174962752062e-05	0.000143303575970906
hsa-mir-3928	hsa-mir-3928	0.708424318220951	1.3407344945768	9.83994012612219e-05	0.000157889235357059
hsa-mir-6777	hsa-mir-6777	0.992676547726978	0.0740671341717045	0.000101830220080869	0.0001628620132238
hsa-mir-488	hsa-mir-488	-0.97844991698905	-0.148198828188298	0.000109731023432156	0.000174928352289573
hsa-mir-3940	hsa-mir-3940	0.78745554275322	0.687370884306048	0.000120700675157887	0.00019179298220881
hsa-mir-153-1	hsa-mir-153-1	1.13733851251194	1.88502037967697	0.000123753208419739	0.000196009113980942
hsa-mir-194-1	hsa-mir-194-1	0.374748393447375	6.46381652384197	0.000130732126378105	0.000206397022674114
hsa-mir-514a-1	hsa-mir-514a-1	1.08854349830989	0.588931582439409	0.000139000755215855	0.000218747983368542
hsa-mir-3651	hsa-mir-3651	0.95229127910021	0.897678234191847	0.000142552745559644	0.00022362108009516
hsa-mir-548aw	hsa-mir-548aw	-0.699291550255205	-0.2491536638217	0.000200820981821097	0.000314022618070569
hsa-mir-374a	hsa-mir-374a	0.310761925874569	9.58820540612289	0.000213956415507407	0.000333500317505197
hsa-mir-944	hsa-mir-944	-0.745047400366084	1.44078305175958	0.000237133403202782	0.000368081985757299
hsa-mir-376b	hsa-mir-376b	-0.64151232434168	1.21756403699023	0.000237641526446158	0.000368081985757299
hsa-mir-1248	hsa-mir-1248	0.793916634341176	1.53939661385159	0.000274628120981772	0.000424032727679403
hsa-mir-664b	hsa-mir-664b	-0.400996729304463	2.47596701300458	0.000307652923439407	0.000473534750497646
hsa-mir-2115	hsa-mir-2115	1.35984972759625	1.29741839270657	0.000314260896243175	0.000482194062673122
hsa-mir-1304	hsa-mir-1304	1.29885882103149	0.857819611513319	0.000318918275217925	0.000486428458791789
hsa-mir-146b	hsa-mir-146b	0.439175901042451	9.40899623070948	0.000319001962792171	0.000486428458791789
hsa-mir-6842	hsa-mir-6842	0.561056448332359	1.13267649258973	0.000363698506790083	0.000552866770383687
hsa-mir-26b	hsa-mir-26b	-0.332308820395177	9.58855566895616	0.000414406226457947	0.00062800449750263
hsa-mir-887	hsa-mir-887	0.66352112258294	3.43515167275216	0.000434651364709572	0.000656657907915076
hsa-mir-653	hsa-mir-653	0.839991265142052	5.08085213997172	0.000477863954975257	0.000719727613168255
hsa-mir-5187	hsa-mir-5187	-0.561672143536675	-0.0657880221085687	0.000488975139278804	0.000734210377326889
hsa-mir-138-1	hsa-mir-138-1	1.21580812207812	0.413656749749608	0.000516487964519885	0.000773157288351414
hsa-mir-30e	hsa-mir-30e	-0.235729460879806	13.6597565720801	0.000529041627305533	0.000789542367802483
hsa-mir-323a	hsa-mir-323a	-0.643808129308226	2.49361269357915	0.000685239839958224	0.0010195538224833
hsa-mir-484	hsa-mir-484	0.422216716448768	6.57094517577599	0.000721183444347393	0.00106979175581441
hsa-mir-4786	hsa-mir-4786	0.703980528850015	0.244230026756456	0.00074074711477213	0.00109550251009975
hsa-mir-4787	hsa-mir-4787	0.866492873842665	0.0974924662692206	0.000777246044738652	0.00114602945335339
hsa-mir-412	hsa-mir-412	-0.564668403852835	2.81122091221339	0.000805245365957263	0.00118375890624256
hsa-mir-548v	hsa-mir-548v	0.667124837236463	0.908904942436734	0.000834783982937446	0.00122351921081279
hsa-mir-618	hsa-mir-618	1.00806563210352	0.418598520249101	0.000857812052649356	0.0012535289221751
hsa-mir-500a	hsa-mir-500a	0.400854767620123	7.94779570640206	0.000881940278019971	0.0012849634317739
hsa-mir-496	hsa-mir-496	-0.496462796145826	1.70345030274145	0.000915354372953999	0.00132970117491247
hsa-mir-3136	hsa-mir-3136	0.649645440347592	0.088768616991622	0.000936520831813193	0.00135643577705097
hsa-mir-2277	hsa-mir-2277	0.565083540503444	0.722397816346229	0.000989423392878986	0.00142884378206936
hsa-mir-6499	hsa-mir-6499	-0.974507313900336	-0.13036600744642	0.00106610615830374	0.00153506781151652
hsa-mir-6837	hsa-mir-6837	-0.433793362722586	0.865925848009897	0.00111151339134585	0.00159576922558717
hsa-let-7e	hsa-let-7e	0.302600362805693	10.2401951318145	0.00116359357820354	0.0016656689413934
hsa-mir-934	hsa-mir-934	1.4826032954501	3.02825324476924	0.0012396851928048	0.00176943438856732
hsa-mir-383	hsa-mir-383	-1.0658731470352	1.54995117558624	0.00129264484011881	0.00183967714927053
hsa-mir-224	hsa-mir-224	-0.737345977535404	5.84759635957765	0.00132029211215404	0.00187359371984865
hsa-mir-545	hsa-mir-545	0.621547862691064	0.16589949122011	0.00135481901095727	0.00191704937861677
hsa-mir-34c	hsa-mir-34c	0.546352012665855	3.98596573584771	0.00172481342093084	0.00242849855314651
hsa-mir-423	hsa-mir-423	0.31362144615617	7.42250599400113	0.00172616292270495	0.00242849855314651
hsa-mir-450b	hsa-mir-450b	0.389894543966032	4.32611722123339	0.00187004611855614	0.00262340755488876
hsa-mir-324	hsa-mir-324	0.409916419733836	5.5935925362306	0.00191147563990743	0.00267388757605284
hsa-mir-206	hsa-mir-206	2.25521705020585	4.6950493168215	0.00196004044920106	0.00273403369476625
hsa-mir-582	hsa-mir-582	0.447950000428996	7.35901645336838	0.00220318671002579	0.003064489163237
hsa-mir-376a-1	hsa-mir-376a-1	-0.570949936054913	1.13025699061276	0.0023363537866372	0.00324053590180471
hsa-mir-625	hsa-mir-625	0.359523819295827	8.08273817232096	0.0024373234126461	0.00337105857918094
hsa-mir-744	hsa-mir-744	0.40984882379203	5.59210518921753	0.0026218437241732	0.00361608221508158
hsa-mir-1288	hsa-mir-1288	0.558192621808016	0.14284848063613	0.003293475134698	0.00452968148777792
hsa-mir-6509	hsa-mir-6509	0.525583293081237	0.354051319374769	0.00382230585618275	0.00524232451225065
hsa-mir-577	hsa-mir-577	1.21724134250381	3.66734202608567	0.00410185848048397	0.00561006271286247
hsa-mir-4714	hsa-mir-4714	0.753076022395703	-0.0218620941927253	0.00429081335368525	0.00585219265738738
hsa-mir-542	hsa-mir-542	0.343418527246678	8.15695521090602	0.00464899671552915	0.00632315065740945
hsa-mir-874	hsa-mir-874	-0.320639367693823	5.05406478595299	0.00495156657601245	0.0067160751072434
hsa-mir-372	hsa-mir-372	0.822104202894142	0.248734071618771	0.00497425660368318	0.00672826444189654
hsa-mir-628	hsa-mir-628	0.491962812617216	5.2092962685665	0.00512574952461051	0.0069141291664389
hsa-mir-19b-1	hsa-mir-19b-1	0.382994372150836	6.29261905717063	0.00568803442795095	0.00765157507979155
hsa-mir-4709	hsa-mir-4709	-0.393976734839296	0.435583271665342	0.00603113649737211	0.00809095087488991
hsa-mir-501	hsa-mir-501	0.365404877969221	5.62820788865683	0.00695602725518987	0.00930629259481806
hsa-mir-889	hsa-mir-889	-0.355580310721574	3.90219375001898	0.00751910994444943	0.0100322907139257
hsa-mir-1270	hsa-mir-1270	0.564997414804327	1.59056018240037	0.00771205708194688	0.0102618428922383
hsa-mir-4660	hsa-mir-4660	0.572479701137448	0.0355048556681711	0.00857522736013387	0.0113795584697993
hsa-mir-532	hsa-mir-532	0.282141183083662	9.45527300566402	0.00876558032702453	0.0116008084651457
hsa-mir-34a	hsa-mir-34a	0.24377319559036	7.17740081338524	0.00965989626339819	0.0127500243691627
hsa-mir-624	hsa-mir-624	-0.377420489784285	0.695066673718877	0.0100289912684913	0.0132017016429739
hsa-mir-2355	hsa-mir-2355	-0.258016465320025	5.73817141440267	0.0101284104811888	0.0132969239204912
hsa-mir-502	hsa-mir-502	0.289956936958961	3.16296582069085	0.0111010644207085	0.0145349936815143
hsa-mir-1-1	hsa-mir-1-1	-0.620253729985124	2.77781814750425	0.0116752918108025	0.0152461922316597
hsa-mir-4661	hsa-mir-4661	0.4506400380877	2.1723115667523	0.0118643288215082	0.0154519507993647
hsa-mir-186	hsa-mir-186	-0.244960443989639	8.30343767483859	0.0140373819284123	0.0182337421345249
hsa-mir-1-2	hsa-mir-1-2	-0.573706214302672	2.84472789308167	0.0177991744765001	0.0230590888336716
hsa-mir-504	hsa-mir-504	-0.442544021966353	1.18769065751244	0.018386587155911	0.0237574060356639
hsa-mir-197	hsa-mir-197	-0.287973780354251	8.47098218693053	0.0191781300275976	0.0247151229489513
hsa-mir-132	hsa-mir-132	-0.231367818460907	6.37781292805602	0.0196508333598277	0.0252580083237576
hsa-mir-376a-2	hsa-mir-376a-2	-0.554209545190132	0.327188164953555	0.020061260284726	0.0257182214094007
hsa-mir-410	hsa-mir-410	-0.355339999076646	3.6036929270024	0.0215121227575376	0.0275063861300807
hsa-mir-526b	hsa-mir-526b	0.841760491424991	1.82413154119017	0.0232680023490574	0.0296742575412654
hsa-mir-216a	hsa-mir-216a	0.733243725069462	0.427924061247881	0.0243669335741414	0.0309952445204752
hsa-mir-19b-2	hsa-mir-19b-2	0.318327933687972	6.14044504692708	0.025021056143468	0.0317450608952011
hsa-mir-581	hsa-mir-581	0.34720689045506	0.0158646799239363	0.0264416609862031	0.033460967897489
hsa-mir-362	hsa-mir-362	0.313896128807476	3.67962094501858	0.03097598269141	0.039098219798155
hsa-mir-133b	hsa-mir-133b	-0.69415456066702	0.54124426594892	0.0330150511154296	0.0415651028145537
hsa-mir-616	hsa-mir-616	0.321512870144033	2.01866349369668	0.0472574195097462	0.0593437160595534
hsa-mir-5000	hsa-mir-5000	-0.253234116975902	1.32275128372495	0.0542596332988514	0.067962959055449
hsa-mir-520a	hsa-mir-520a	0.674720244610685	0.71074760947971	0.0544480333255033	0.0679665087150654
hsa-mir-23b	hsa-mir-23b	-0.199311665392726	9.67601241238695	0.054571145634585	0.0679665087150654
hsa-mir-217	hsa-mir-217	0.422844460024824	4.84713651559526	0.0546777412269874	0.0679665087150654
hsa-mir-214	hsa-mir-214	0.262866787763405	5.33898119041793	0.0600861296032308	0.0745007314019857
hsa-mir-483	hsa-mir-483	-0.444561035249087	3.91895952910099	0.0689770929207062	0.0853092005643999
hsa-mir-34b	hsa-mir-34b	0.356458301053953	1.81019632395	0.0694924136758772	0.0857305907408435
hsa-mir-576	hsa-mir-576	0.22576585949422	3.79292846461623	0.071352356540377	0.0878045289757522
hsa-mir-518c	hsa-mir-518c	0.731886688418555	0.468430344828294	0.0722087459202678	0.0886362356171287
hsa-mir-30b	hsa-mir-30b	-0.208915287563989	9.09926771851777	0.0738107971282386	0.0903768114462972
hsa-mir-505	hsa-mir-505	-0.237972698798352	5.54134379584414	0.0777958022271873	0.0950192509789775
hsa-mir-6720	hsa-mir-6720	0.524698851001207	0.554198259924931	0.0866011847740322	0.105257865080615
hsa-mir-598	hsa-mir-598	0.264913574796684	4.02332633810779	0.0866072861355774	0.105257865080615
hsa-let-7a-2	hsa-let-7a-2	-0.144027404693159	13.5075062935629	0.0885659610682843	0.10737256020871
hsa-let-7a-3	hsa-let-7a-3	-0.142621858090491	13.517435152098	0.0901529066869542	0.109027283702696
hsa-mir-6718	hsa-mir-6718	0.460019629008149	0.361715442878903	0.0945205503182199	0.114028477165223
hsa-let-7a-1	hsa-let-7a-1	-0.140302403530334	13.5109049703227	0.0966012465767634	0.116252970757821
hsa-mir-30c-2	hsa-mir-30c-2	-0.159142037833548	9.05216645896321	0.0984994864628013	0.118247549763412
hsa-mir-92a-2	hsa-mir-92a-2	-0.190601424166346	12.1149142004918	0.103230500973041	0.123624819457959
hsa-mir-136	hsa-mir-136	-0.204290925357842	5.39341679928707	0.105421248306002	0.125941199314469
hsa-mir-23a	hsa-mir-23a	-0.139711159057844	11.719064690704	0.11349144368252	0.135253152543974
hsa-mir-627	hsa-mir-627	-0.248803419521985	0.852229764782205	0.116705715137536	0.138746988214358
hsa-mir-4772	hsa-mir-4772	0.267680814383452	2.38910476090893	0.118491841290784	0.14051649123988
hsa-mir-150	hsa-mir-150	0.325299725856993	10.081590836194	0.118766484449186	0.14051649123988
hsa-mir-29c	hsa-mir-29c	0.18560258177718	11.090841627884	0.12250626239791	0.144592727974456
hsa-mir-550a-2	hsa-mir-550a-2	-0.255940207277127	1.56855333070437	0.139929510418205	0.164761126175873
hsa-mir-92a-1	hsa-mir-92a-1	-0.165808358153974	12.2576585702617	0.159737383072907	0.187443949201417
hsa-mir-935	hsa-mir-935	0.390438536278821	2.08418809871255	0.159957260112818	0.187443949201417
hsa-mir-30c-1	hsa-mir-30c-1	-0.14052798527987	8.83117894469039	0.16094111859954	0.188147831505652
hsa-mir-550a-1	hsa-mir-550a-1	-0.242113595563592	1.54924769994858	0.16455044056686	0.191910371302442
hsa-mir-374c	hsa-mir-374c	-0.493515706233126	0.337276769141026	0.164948260702982	0.191918473945887
hsa-mir-152	hsa-mir-152	-0.129754757921213	8.04724016494606	0.175331074755314	0.203516684881464
hsa-mir-101-2	hsa-mir-101-2	-0.121082316820426	12.5224570470564	0.179670691202948	0.208062050426055
hsa-mir-1306	hsa-mir-1306	0.193926216782924	3.42090415279303	0.185646501570773	0.21447631122647
hsa-mir-101-1	hsa-mir-101-1	-0.118173202469491	12.5147850622859	0.191045951249266	0.220196155078379
hsa-let-7f-2	hsa-let-7f-2	0.153426185774615	11.9540627705975	0.196010107826567	0.225388671997293
hsa-mir-363	hsa-mir-363	-0.233020119596953	4.31733298823003	0.213736272487984	0.245197452784113
hsa-mir-31	hsa-mir-31	0.277557004337823	3.17382839097692	0.215341300806162	0.246462887402857
hsa-mir-27b	hsa-mir-27b	0.129950439090888	9.38975637706887	0.217983011296292	0.248906182666231
hsa-let-7f-1	hsa-let-7f-1	0.144342629810246	11.9337953745632	0.222734897288794	0.253742075565657
hsa-mir-942	hsa-mir-942	-0.192605546360042	2.65200488169434	0.226899741340339	0.257888363421543
hsa-mir-2116	hsa-mir-2116	-0.271248759212611	0.134981420349528	0.234504799827685	0.26591652821107
hsa-mir-4662a	hsa-mir-4662a	0.180627981875454	4.88729647998793	0.255162347598098	0.288674453158216
hsa-mir-323b	hsa-mir-323b	0.261544050803123	2.65445212318096	0.262645079575725	0.296456859934899
hsa-mir-3130-2	hsa-mir-3130-2	-0.189100908976155	1.49980593784583	0.266350465583939	0.299949721563564
hsa-mir-185	hsa-mir-185	0.102196048569499	5.97603918236407	0.273689651596526	0.307509425478019
hsa-mir-3173	hsa-mir-3173	-0.269890032028244	-0.0688830401038812	0.294244541285459	0.32984947436338
hsa-mir-1343	hsa-mir-1343	-0.219576085932379	0.583721885426425	0.298199622033762	0.333521672935255
hsa-mir-129-2	hsa-mir-129-2	-0.266655744137746	1.92758638696375	0.301567667567562	0.336522101762893
hsa-mir-6755	hsa-mir-6755	0.158879979786445	0.192597575617088	0.318235749298751	0.354316900012895
hsa-let-7g	hsa-let-7g	0.084549695197864	9.19987519000711	0.325771588438559	0.361886538288083
hsa-mir-18b	hsa-mir-18b	0.20594199242562	0.191111240469587	0.330419384406332	0.366221033281058
hsa-mir-196b	hsa-mir-196b	0.170212338261096	8.44847900423843	0.364446915190246	0.403025755311736
hsa-mir-450a-2	hsa-mir-450a-2	0.117015342816457	2.60950020379432	0.377958433244326	0.417028293759469
hsa-mir-1976	hsa-mir-1976	0.0861631904529508	3.33032117074399	0.380570320867077	0.418968671627208
hsa-mir-652	hsa-mir-652	-0.108968732880271	5.13735212380803	0.388455135074869	0.426692329578883
hsa-mir-450a-1	hsa-mir-450a-1	0.117188790234845	2.61808181260067	0.393053318929924	0.430060450474091
hsa-mir-4999	hsa-mir-4999	0.111254027537229	0.310976508388955	0.393273202164699	0.430060450474091
hsa-mir-361	hsa-mir-361	0.0551417044492327	8.498139371435	0.432825254458106	0.472260444308733
hsa-mir-16-1	hsa-mir-16-1	0.0855963784429954	8.37041541903157	0.457356180454117	0.497919921514349
hsa-mir-7702	hsa-mir-7702	-0.194698832174766	1.08495567852062	0.486542417946214	0.528522847813254
hsa-mir-16-2	hsa-mir-16-2	0.075305421913954	8.3916270897516	0.515534730783477	0.558049664669504
hsa-mir-30a	hsa-mir-30a	-0.0843403033499588	16.0823758698524	0.515997042280967	0.558049664669504
hsa-mir-642a	hsa-mir-642a	-0.116502310796755	2.32329622541745	0.534127446709246	0.576388079855472
hsa-mir-199a-1	hsa-mir-199a-1	0.0633261127006564	11.0777128552501	0.56669908505704	0.61019572535747
hsa-mir-199a-2	hsa-mir-199a-2	0.0615788052710722	11.8095954700571	0.580467257456549	0.62283204371692
hsa-mir-129-1	hsa-mir-129-1	-0.137968571471427	1.78990020860825	0.580971641593379	0.62283204371692
hsa-mir-489	hsa-mir-489	0.158572978564554	0.393503523754906	0.58404493867969	0.624603713306449
hsa-mir-1291	hsa-mir-1291	0.0747783179160629	0.428367104908373	0.585168448311541	0.624603713306449
hsa-mir-5698	hsa-mir-5698	0.109022599122626	0.703158738451089	0.592089250396362	0.630620004218251
hsa-mir-221	hsa-mir-221	0.0698686532214028	7.07071529765572	0.61673999233509	0.655453108737077
hsa-mir-548b	hsa-mir-548b	-0.102526967905453	0.788479252210674	0.635370972965177	0.67379513547711
hsa-let-7d	hsa-let-7d	0.0442728765388468	9.08762223435359	0.651493934962003	0.689404142384361
hsa-mir-380	hsa-mir-380	-0.059547810941747	0.48931473007887	0.669713158509883	0.707159485652371
hsa-mir-1287	hsa-mir-1287	-0.0455783079254464	5.40059955611739	0.674521019582725	0.710707769560339
hsa-mir-424	hsa-mir-424	-0.0563930638107854	7.37036817512864	0.685628084409082	0.720863788961155
hsa-mir-3130-1	hsa-mir-3130-1	-0.0763610381242244	1.49866534754497	0.70229999190465	0.736814735096545
hsa-mir-518b	hsa-mir-518b	0.145138651758549	0.2308568108003	0.711793087493215	0.745182102258355
hsa-mir-199b	hsa-mir-199b	-0.0303630647232892	12.1488637024702	0.764461050637545	0.79861782098518
hsa-mir-6806	hsa-mir-6806	0.0274748303160256	0.719793036790866	0.775391136368439	0.808316450014657
hsa-mir-25	hsa-mir-25	-0.0233460741756385	13.3073061497062	0.777115358959718	0.808397545019537
hsa-mir-10a	hsa-mir-10a	-0.0366052066621119	15.1727060797387	0.794612023454601	0.824850958808053
hsa-mir-30d	hsa-mir-30d	-0.0226214719237906	12.9747734278179	0.808101579858888	0.83708412597197
hsa-mir-193b	hsa-mir-193b	-0.0269756310136544	7.1285089800054	0.815606380092466	0.841870288356237
hsa-mir-135a-2	hsa-mir-135a-2	0.102667369445233	1.79802021134774	0.816151236777126	0.841870288356237
hsa-mir-95	hsa-mir-95	-0.0371707181406064	1.95454908506129	0.825019060278935	0.849233456178107
hsa-mir-664a	hsa-mir-664a	-0.0218718010386856	5.63491937661155	0.826820896847207	0.849307657640123
hsa-mir-222	hsa-mir-222	0.0270247998899567	5.80839637258117	0.86562073841035	0.887306435406017
hsa-mir-517a	hsa-mir-517a	0.0821891601513322	0.569069769031462	0.869972381644079	0.889909248723422
hsa-mir-517b	hsa-mir-517b	0.0776680494703625	0.566307182396291	0.880098065054716	0.89839532212446
hsa-mir-509-2	hsa-mir-509-2	0.0179933561966198	0.751436897775177	0.902714336781075	0.919569998671178
hsa-mir-509-3	hsa-mir-509-3	0.00351749790763751	0.843815225832802	0.921547207539348	0.936498201488859
hsa-mir-339	hsa-mir-339	-0.00990655749345904	5.89990662399486	0.923146903300627	0.936498201488859
hsa-mir-1245a	hsa-mir-1245a	-0.00964086694441766	1.90191641747168	0.938022186955639	0.949626585144781
hsa-mir-135a-1	hsa-mir-135a-1	0.0413743746433626	1.53936504894433	0.947310746306534	0.957056741638905
hsa-mir-24-1	hsa-mir-24-1	0.00783341781990651	9.50447289708557	0.953925078209897	0.961760191788623
hsa-mir-509-1	hsa-mir-509-1	0.00327082973654151	0.766163797898499	0.959108810241246	0.965004970959942
hsa-mir-24-2	hsa-mir-24-2	-0.00032146340777205	9.54094168443489	0.982644773018797	0.985752426187436
hsa-mir-212	hsa-mir-212	0.00848716777812356	2.35204371055348	0.983744783771576	0.985752426187436
hsa-mir-3605	hsa-mir-3605	-0.00788370540548859	2.16968090297384	0.995779984015067	0.995779984015067
