logFC	AveExpr	t	P.Value	adj.P.Val	B
hsa-mir-183	2.50383407698783	10.4792342773077	27.3260584815824	4.32798126126595e-119	2.12503879928158e-116	261.224614886859
hsa-mir-139	-2.15836516238533	4.78006916977225	-26.3956312240317	3.70105716934299e-113	9.08609535073704e-111	247.603856378879
hsa-mir-100	-1.9549370669447	8.26106181336771	-22.7789334694699	2.17506315812894e-90	3.55985336880437e-88	195.327319626453
hsa-mir-486-1	-3.38188557623138	4.25971332675447	-21.3439580553603	1.44367589948267e-81	1.77211216661498e-79	175.076548079699
hsa-mir-486-2	-3.35948725300681	4.22997520698066	-21.2096021860668	9.48198682813705e-81	9.31131106523058e-79	173.200328221107
hsa-mir-429	1.78616070516078	-Inf	20.25714972655	5.84403238796108e-75	4.78236650414815e-73	159.915575285164
hsa-mir-96	1.70724463969043	3.61776105485454	18.5179271383478	9.1627905010959e-65	6.42704305148298e-63	136.518867985202
hsa-mir-145	-1.78754020199212	8.1775059161899	-18.4028588702734	4.22860506786312e-64	2.34134361566071e-62	134.995233895027
hsa-mir-32	1.33729238600241	5.65039066499409	18.4017435160616	4.29166854194428e-64	2.34134361566071e-62	134.980485593048
hsa-mir-337	-1.45196080067134	3.79903525376361	-18.1013090805659	2.28114317036062e-62	1.12004129664706e-60	131.022265495968
hsa-mir-141	1.76222275899668	7.99730221112658	17.3564263879129	3.80590640477655e-58	1.69881822249571e-56	121.338055458888
hsa-mir-144	-2.06746863550431	4.02103135511413	-16.9432213820396	7.69478245247734e-56	3.14844848680531e-54	116.050609497625
hsa-mir-92b	1.62306377571326	8.11860324776849	16.8235940171495	3.53687360544567e-55	1.33584995405679e-53	114.531699884687
hsa-mir-125b-2	-1.53133117958256	6.40970878867906	-16.6037524201823	5.75179148586562e-54	2.01723544254287e-52	111.754674387486
hsa-mir-451a	-2.75957598846389	6.70227818198715	-16.3180732419182	2.09647632183255e-52	6.86246582679855e-51	108.174348540871
hsa-mir-204	-1.69860424707089	-Inf	-15.8944023470256	3.47200676849952e-49	1.06547207708329e-47	100.827827062971
hsa-mir-181b-1	0.962603780395972	6.38990357952837	15.3666504035407	2.61427181810173e-47	7.55063213345854e-46	96.4945776366918
hsa-mir-4677	0.983838793440023	3.81754911646319	14.5820182344641	3.08339864789011e-43	8.41082631174469e-42	87.1661680804247
hsa-mir-592	2.33953198647908	-Inf	14.5373135247244	6.86602893880923e-43	1.77432642576596e-41	86.4564351877217
hsa-mir-200a	1.60763051954633	7.09832320272527	14.3949840068777	2.7603717157329e-42	6.77671256212427e-41	84.9858254695572
hsa-mir-200b	2.05708910657937	8.21298748467409	14.3552009545032	4.39028490607571e-42	1.0264904232777e-40	84.5242786455468
hsa-mir-335	-1.33892504504446	-Inf	-14.2147842972011	2.26763926889502e-41	5.06095855012479e-40	82.8914228895845
hsa-mir-1301	1.33763813149164	-Inf	14.1898303906024	3.05849211081066e-41	6.52921576699146e-40	82.6026597604121
hsa-let-7c	-1.53796838972632	8.80719625791672	-14.0434052605505	1.62219368088589e-40	3.31873790547906e-39	80.9344233249749
hsa-mir-130b	0.962970163576619	3.95400380780255	13.9982449503218	2.72517076955561e-40	5.35223539140721e-39	80.4185622409817
hsa-mir-454	1.44697062163956	4.3747834230188	13.9742449939634	3.588712799677e-40	6.77714609477465e-39	80.1448398778478
hsa-mir-23a	-0.893797707209324	8.87554445684836	-13.7252455392149	6.13236723196522e-39	1.11518233736849e-37	77.3226099634155
hsa-mir-493	1.41558498146463	4.14604292024193	13.5489974420082	4.48406770964255e-38	7.8631330194089e-37	75.3446861586377
hsa-mir-195	-0.906431243434758	4.73656914462911	-13.0633611155562	9.88693387657305e-36	1.67396018393013e-34	69.9816613760642
hsa-mir-181b-2	0.844812567976342	6.11466849133379	12.8952075763885	6.21378562889809e-35	1.01698958126299e-33	68.1551868007998
hsa-mir-340	0.856968641436328	5.62845938768864	12.7250125986078	3.92923030454794e-34	6.22339380494529e-33	66.3229013416883
hsa-mir-495	-1.42319077878823	3.90605613011495	-12.6534185871334	8.49366236650612e-34	1.30324631936078e-32	65.5571117347556
hsa-mir-190b	3.60419450305354	-Inf	12.6552569658107	1.55550858495009e-33	2.31440822791059e-32	65.0629544106323
hsa-mir-584	-1.1599735722449	5.51326795252033	-12.5543386447651	2.45641457355037e-33	3.54735163415657e-32	64.502234695361
hsa-mir-193a	-1.03269871146972	7.95393350385591	-12.5499676954779	2.57389759446606e-33	3.61081062537953e-32	64.4558303333397
hsa-mir-452	-2.03151465881242	4.76397675227712	-12.245373981371	6.49462343050136e-32	8.85794473437825e-31	61.2498751513382
hsa-mir-210	1.71659396048725	8.9162157272968	12.0838245521636	3.51921861034861e-31	4.67009820994911e-30	59.5720300428331
hsa-mir-4732	-1.22303627009269	-Inf	-12.8050710515262	1.26138151435774e-30	1.62983769355171e-29	58.5914396459698
hsa-mir-483	-1.68003181789739	-Inf	-11.8418321771105	4.90927238697901e-30	6.18064805642742e-29	56.9599125663211
hsa-mir-511	-1.81660443529558	-Inf	-11.6889930135758	2.13481171159141e-29	2.62048137597845e-28	55.4984190475019
hsa-mir-665	-0.792646229963877	-Inf	-11.5680812567534	1.49734197396461e-28	1.7931583151625e-27	53.5937954669403
hsa-mir-3613	1.35304095829682	-Inf	11.4699876615733	1.87997309454605e-28	2.19777807005264e-27	53.3386748822846
hsa-mir-497	-1.16888752160629	6.29405548558354	-11.4647564692066	1.97169186557138e-28	2.25139699068732e-27	53.2912571128797
hsa-mir-6511b-1	-1.54421687116022	-Inf	-11.4247520572746	3.13456826623955e-28	3.49789322437186e-27	52.8334141699809
hsa-mir-125b-1	-0.816628519930479	7.6304780890493	-11.4089999006919	3.44577108259319e-28	3.75971911456279e-27	52.7374254033248
hsa-mir-326	-1.40668373012084	-Inf	-11.2706504127917	1.42921061238626e-27	1.52552697974273e-26	51.3278920131403
hsa-mir-99a	-1.09937649530372	8.45475242674329	-11.228425800097	2.07292206376441e-27	2.16554198576239e-26	50.9575160483558
hsa-mir-26a-1	-0.93569779845433	7.4310450984345	-11.2249405892274	2.14553093228312e-27	2.19469934948128e-26	50.923370291755
hsa-mir-590	1.22815020282906	5.90158616901838	11.185180927085	3.17589567669723e-27	3.1823770964456e-26	50.5343919004221
hsa-mir-6892	-0.935242321726194	-Inf	-11.1663216831688	3.85767827104507e-27	3.78824006216626e-26	50.3418316138903
hsa-mir-378c	-1.28312301511887	-Inf	-11.1383918621496	5.16597377545322e-27	4.97351592891673e-26	50.0528452367933
hsa-mir-1247	-2.30134268272217	-Inf	-10.7997766552097	1.45982337837587e-25	1.3784101515049e-24	46.7421387628529
hsa-mir-6511b-2	-1.44871885111741	-Inf	-10.7748982028249	1.79381312238598e-25	1.66181555300286e-24	46.5366881670855
hsa-mir-374b	-0.830484668958084	5.37982213095993	-10.6928118706079	3.75038479486867e-25	3.41007210051947e-24	45.8039229057169
hsa-mir-103a-2	1.28855812389009	9.9079615365487	10.506834174102	2.18076836181018e-24	1.94683139208872e-23	44.0595187252963
hsa-mir-26b	-0.830375808784808	7.00914874059895	-10.4106683263484	5.36975567410238e-24	4.70812506425762e-23	43.1668051751262
hsa-mir-1258	-1.54129287708191	-Inf	-10.5188339679008	7.32764669336504e-24	6.31206057270567e-23	42.9238557361876
hsa-mir-133a-1	-1.29587384910967	-Inf	-10.4235977371144	8.19355951913892e-24	6.93627193775381e-23	42.77122047722
hsa-mir-5683	-1.75274575883435	-Inf	-10.2950303649652	1.60498654269818e-23	1.33567524146577e-22	42.0831303055222
hsa-mir-758	-0.651731331231519	3.23879546270736	-10.0548444772829	1.4256744308473e-22	1.16667690924337e-21	39.9195531485655
hsa-mir-365b	-0.739310822900103	5.82595041774499	-10.0188555332989	1.97665475403424e-22	1.59104505611608e-21	39.596072755602
hsa-mir-659	0.996415207085682	-Inf	9.99067228564314	2.59687878234725e-22	2.05656045505242e-21	39.3370767639111
hsa-mir-296	-1.17860278354114	-Inf	-9.99548471749765	2.86071226080284e-22	2.22953923818126e-21	39.2375622015437
hsa-mir-218-2	-0.82907374179914	3.81390436459687	-9.96817526137759	3.12682629846804e-22	2.39886205085595e-21	39.1421010065352
hsa-mir-365a	-0.760447852345839	5.83576036986397	-9.95509957273726	3.51855248145069e-22	2.65786041291122e-21	39.025271269434
hsa-mir-1-1	-1.91267339482389	-Inf	-10.0017712360523	3.85122635649481e-22	2.86507900157417e-21	38.9600277722823
hsa-mir-103a-1	0.731882502080922	10.2841589190219	9.91208174663671	5.18366706644475e-22	3.79877690988712e-21	38.6417725568701
hsa-mir-301a	1.40754948016869	-Inf	9.76884961146452	1.89103568089874e-21	1.36543899900188e-20	37.3721244201804
hsa-mir-191	1.0948891518721	8.82153347143739	9.76540792067967	1.92359354376257e-21	1.36881801447453e-20	37.3441598957239
hsa-mir-377	-1.2058839355463	-Inf	-9.68233885106119	4.42624358816768e-21	3.10469371684333e-20	36.5246569586368
hsa-mir-1-2	-1.88725784100412	-Inf	-9.70515572539419	4.86405909756196e-21	3.36373664352524e-20	36.4566482428025
hsa-mir-6507	-0.779426039733656	-Inf	-9.63326836663414	8.9796285160434e-21	6.12360777969071e-20	35.8495486715426
hsa-mir-1249	-1.56237126144477	-Inf	-9.59685693537678	9.86931175577057e-21	6.63812612614158e-20	35.7393553650226
hsa-mir-378a	-0.820910474050559	6.0660234467978	-9.51156252285212	1.7945136452599e-20	1.19068405381434e-19	35.1351869763876
hsa-mir-128-2	0.52026868877826	4.73756644520286	9.50724728861969	1.86319957635791e-20	1.21977465598898e-19	35.0980421993318
hsa-mir-376c	-1.53712594610865	-Inf	-9.5071623653059	1.90154952638198e-20	1.22850107559678e-19	35.0789450405156
hsa-mir-130a	-0.717799511627801	4.61452756614974	-9.33362811347284	8.35048239485003e-20	5.32478812450826e-19	33.6149383576887
hsa-mir-6716	-0.719333580315539	-Inf	-9.29614014777408	1.29574999760457e-19	8.15658011312618e-19	33.1978752437494
hsa-mir-299	-1.13733151372319	-Inf	-9.2159555669881	2.44347981226069e-19	1.51866909850633e-18	32.557776675971
hsa-mir-6715a	-0.916154851389351	-Inf	-9.24888623592724	2.8741094855006e-19	1.76398469672599e-18	32.4492368642947
hsa-mir-3199-2	-0.688710620125308	-Inf	-9.20576931743322	4.11004928558027e-19	2.49140024595051e-18	32.0903249802996
hsa-mir-3065	1.1476799855731	3.93161866515846	9.10485723795728	5.8273591894099e-19	3.4893089780491e-18	31.6949149456229
hsa-mir-328	-0.911325263591026	6.86606328082013	-9.10305711990536	5.91622295530111e-19	3.49983791693114e-18	31.6799624675467
hsa-mir-450b	1.0884383209848	6.11007765766581	9.06993880562932	7.81236722114951e-19	4.56651464950525e-18	31.4053045818992
hsa-mir-574	-0.652445967786413	8.16896375681955	-8.97645713610035	1.70480137266309e-18	9.84773498797148e-18	30.6345096052709
hsa-mir-760	0.988469651520629	-Inf	8.94653240681391	2.23329555712594e-18	1.27505595180097e-17	30.4020394238162
hsa-mir-196a-2	1.83341230995771	5.51229947101984	8.92990328099289	2.50833259176077e-18	1.4156221868443e-17	30.2531249876714
hsa-mir-654	-0.869226163744439	4.85572641219429	-8.8094982051242	6.75885550622385e-18	3.77113415176808e-17	29.2743869733068
hsa-mir-15a	0.650012669610811	6.62682504064421	8.76696534638542	9.56773162995432e-18	5.25181731030018e-17	28.9313015994549
hsa-mir-181a-1	0.856841140846981	9.30496321347659	8.76621380696191	9.62654904128343e-18	5.25181731030018e-17	28.9252519000896
hsa-mir-891a	-0.961256954492988	-Inf	-8.75688236563865	1.06161792914748e-17	5.7280703649606e-17	28.8354392517053
hsa-mir-182	0.790354031711965	11.4696148973669	8.73648489685714	1.2263355456399e-17	6.5448994881434e-17	28.6862901929039
hsa-mir-155	0.608864491666664	7.74983730386743	8.71589474578008	1.44963176227686e-17	7.65343220728966e-17	28.5211847942316
hsa-mir-379	-1.229266988222	8.74996812626641	-8.70553502728485	1.57672947980718e-17	8.23589547431199e-17	28.438237289829
hsa-mir-196a-1	2.12465928471502	6.59753024831643	8.69762196388323	1.68117442358663e-17	8.68901728401088e-17	28.3749352575469
hsa-mir-532	0.653946380110912	8.29124610486649	8.6044375100695	3.56521586338826e-17	1.82345936346212e-16	27.633129467919
hsa-mir-186	-0.658727240293396	9.26845246845328	-8.59675674780703	3.79199140441392e-17	1.91945131914148e-16	27.5722858916972
hsa-mir-342	1.13449396011969	6.37454930353145	8.51723291651943	7.16147554891949e-17	3.58804540257089e-16	26.9450287011252
hsa-mir-7-3	0.806210155223054	-Inf	8.37976321217034	2.29525054352747e-16	1.13835153219393e-15	25.8716347495164
hsa-mir-128-1	0.546199798670581	4.57859905455531	8.34433866876295	2.80592190458827e-16	1.37770765515284e-15	25.5983433269684
hsa-mir-494	-1.07152530943534	-Inf	-8.34227509853889	3.08633112427396e-16	1.5003847346718e-15	25.5105129629754
hsa-mir-370	-0.81585937784958	-Inf	-8.33002545076666	3.1860593519637e-16	1.53368151158252e-15	25.4742442513578
hsa-mir-671	0.587165040437842	2.85305233562914	8.28409410326911	4.49132942553209e-16	2.14101237663714e-15	25.1346130767521
hsa-mir-6510	-1.38578317120823	-Inf	-8.07431998098771	2.33529171654658e-15	1.10252714694651e-14	23.523839624526
hsa-mir-18a	0.876500326876306	-Inf	8.06694207933864	2.40375556423487e-15	1.1240418876565e-14	23.4821930473113
hsa-mir-17	0.877933850541799	8.36007694745479	8.0579507731658	2.56043594201722e-15	1.18601325238722e-14	23.4195522280814
hsa-mir-181c	0.639702716109426	6.45674380263018	8.00039215187619	3.9622320455337e-15	1.81818311622154e-14	22.9895435876846
hsa-mir-411	-0.596184671171221	-Inf	-7.9961251137591	4.12380337885677e-15	1.87480320279507e-14	22.9508508316531
hsa-mir-655	-1.07113236399488	-Inf	-7.94952900760279	5.84441877293549e-15	2.6326693738636e-14	22.607273233477
hsa-mir-33a	0.70828609400667	-Inf	7.94218209747723	6.16085979325416e-15	2.74998378044345e-14	22.5605822922536
hsa-mir-181a-2	0.549736022295466	8.29140236610151	7.92018099961104	7.24941184581146e-15	3.20672181648057e-14	22.3947397192606
hsa-mir-143	-0.734049720461306	11.5740206268761	-7.89576180676665	8.70436380660317e-15	3.81593091878764e-14	22.2146886969025
hsa-mir-585	-0.812030496858563	-Inf	-7.88831822608372	1.04027053298825e-14	4.52011355484277e-14	22.0503028304718
hsa-mir-224	-1.10894099802405	4.22048568327291	-7.83025494593817	1.41844721109655e-14	6.10927702323162e-14	21.7340638208671
hsa-mir-551b	-1.12105797891162	-Inf	-7.80340961039859	1.8554950930551e-14	7.92215731034831e-14	21.4816250403167
hsa-mir-766	0.646520785447447	2.94765755855628	7.73132466082201	2.94637111300299e-14	1.24712777283144e-13	21.0148040664543
hsa-mir-106b	0.655058235699431	8.10954879096686	7.65854236437808	5.01977808480059e-14	2.10659063216845e-13	20.4907363712467
hsa-mir-675	-1.25454123377014	6.34921808466709	-7.59136400570972	8.17765405164139e-14	3.40273571131858e-13	20.0108624691806
hsa-mir-4668	1.4866807230057	-Inf	7.57626354305656	9.35839206108428e-14	3.86131974957343e-13	19.891882734015
hsa-mir-7705	1.14552209553619	-Inf	7.53283739020505	1.31347946369267e-13	5.37432013894251e-13	19.6550001183515
hsa-mir-3934	1.01775973170524	-Inf	7.53122813051513	1.34406281181692e-13	5.45400694712486e-13	19.5997993266131
hsa-mir-676	-0.633640303501408	-Inf	-7.47822838004804	1.86172221014949e-13	7.49266889494591e-13	19.2031647459736
hsa-mir-431	-0.842466349497982	-Inf	-7.45652609390922	2.16264367597968e-13	8.63299223500833e-13	19.0554079818089
hsa-mir-188	0.791954017758848	-Inf	7.46079058359622	2.25922633554945e-13	8.94580750608695e-13	19.1537763866331
hsa-mir-1468	-0.876934290859099	-Inf	-7.44240023145649	2.39621793928858e-13	9.41234406552555e-13	18.9548438644391
hsa-mir-1296	-0.697349077261446	-Inf	-7.43931255829745	2.45426943397102e-13	9.56385946095054e-13	18.9315342642277
hsa-mir-651	1.08405691717356	-Inf	7.35506710367171	4.42985227266789e-13	1.71264367392121e-12	18.3563174806618
hsa-mir-6854	0.664519188733111	-Inf	7.2983372269645	6.7216220996679e-13	2.57837222729448e-12	18.0022434533225
hsa-mir-24-2	0.55793421084715	8.40015657690369	7.23777232262847	1.00483980196964e-12	3.82462281214802e-12	17.546381830345
hsa-mir-381	-0.685463327166042	5.69852392374334	-7.22077882197895	1.13069176723376e-12	4.27053582855211e-12	17.4305546340223
hsa-mir-940	1.04622095100749	3.61800273919423	7.17645420516237	1.53649536419447e-12	5.75892537266782e-12	17.1295757083574
hsa-mir-935	-1.48173206476452	-Inf	-7.16959594262408	1.66435526166098e-12	6.14434912387625e-12	17.0605208299765
hsa-mir-485	-0.487392512427758	-Inf	-7.16499053455094	1.66429522265174e-12	6.14434912387625e-12	17.0512727941918
hsa-mir-503	0.974157806833299	-Inf	7.15581585107209	1.77434382927174e-12	6.5015135833763e-12	16.9997111658685
hsa-mir-148b	0.621858567387213	6.9975911939411	7.15237985145507	1.81374866193315e-12	6.59667105932724e-12	16.9667922473679
hsa-mir-1343	-1.04907081475606	-Inf	-7.17065840095863	2.36246646995726e-12	8.52919879962512e-12	16.84139362066
hsa-mir-200c	0.673269719731002	9.91117089677242	7.10083100810986	2.58314820876904e-12	9.25785233945692e-12	16.6198699723906
hsa-mir-6761	-0.582942279914526	-Inf	-7.010787489038	5.00087027004291e-12	1.77929514680512e-11	16.0006564187436
hsa-mir-539	-1.22267419959316	4.76048588815628	-6.99840300059239	5.18179341018574e-12	1.83040328374187e-11	15.9371675751019
hsa-mir-192	0.57290520529783	6.33139953466637	6.97840594445782	5.93014913710485e-12	2.07978801879892e-11	15.8049161787136
hsa-mir-107	0.434111729058033	4.34366772431185	6.94505086898793	7.42107247475827e-12	2.58421743624561e-11	15.5850735800146
hsa-mir-383	-0.921268849958346	-Inf	-7.04060519289346	7.83080813093461e-12	2.70769492414711e-11	15.6646981865052
hsa-mir-421	0.927906342569559	-Inf	6.89660839625651	1.04722465537416e-11	3.59571542509588e-11	15.2908567447365
hsa-mir-154	-0.764920218086494	-Inf	-6.88234076574196	1.13262625287678e-11	3.86194090390624e-11	15.1712228107104
hsa-mir-126	-0.683460065244714	8.48055756286427	-6.87904342117899	1.15355176409422e-11	3.90616493910527e-11	15.1527990019854
hsa-mir-432	-0.631543131757452	-Inf	-6.83081769893181	1.60108090836389e-11	5.38445702744293e-11	14.8327050796822
hsa-mir-215	-1.31680354645119	-Inf	-6.80515510219958	1.89929819862943e-11	6.34391439134049e-11	14.6656029803888
hsa-mir-331	0.493807356149336	3.84310214026114	6.76563288213596	2.44068860534773e-11	8.09714935963335e-11	14.4187383448972
hsa-mir-7-1	0.650968470444147	4.46978156213353	6.75938099504543	2.54284131414983e-11	8.37943010233265e-11	14.3785913828673
hsa-mir-769	0.439295842077848	4.44549150038829	6.69085888931684	3.97701870408796e-11	1.30181078913813e-10	13.9407625084676
hsa-mir-133a-2	-0.740677701032905	-Inf	-6.7026120632639	4.52888817367213e-11	1.47263847236624e-10	13.8493076241854
hsa-mir-3614	0.676077877244943	-Inf	6.66361716018759	4.84781544687453e-11	1.56597196343118e-10	13.7788305011509
hsa-mir-656	-0.643252803313224	-Inf	-6.62957075748584	6.01392016328221e-11	1.92995738573305e-10	13.5386112205022
hsa-mir-98	0.534304511469912	5.39164546633187	6.61968274003217	6.30249758855253e-11	2.00943267271383e-10	13.4902367212777
hsa-mir-4746	1.13215563843548	-Inf	6.61599542039018	6.50722840356059e-11	2.06132202977306e-10	13.4772371187656
hsa-mir-33b	1.33636957941834	-Inf	6.56959216374846	8.87496313811721e-11	2.79333775693304e-10	13.2380970780358
hsa-mir-937	1.21843862955179	-Inf	6.54308717365963	1.03198658386509e-10	3.22742301068636e-10	13.0082973857495
hsa-mir-184	1.6305073670644	-Inf	6.54260755220167	1.08294571853006e-10	3.36535663163456e-10	13.1048035917367
hsa-mir-4724	1.30007198962611	-Inf	6.51464333107945	1.45000024145989e-10	4.47767370161513e-10	13.0853595486205
hsa-mir-7706	0.936238101913026	-Inf	6.39705628436326	2.5953411798751e-10	7.96445324574173e-10	12.1126480043844
hsa-mir-151a	0.512294689032832	8.07230335751157	6.38874245930672	2.72617054745711e-10	8.3139735329282e-10	12.0585164793235
hsa-mir-5586	0.896596709750536	-Inf	6.32358138530681	4.0898191859063e-10	1.23956865449382e-09	11.6624862573206
hsa-mir-134	-0.76526029657661	7.54330810600997	-6.29950399314242	4.74333798660496e-10	1.42882144259082e-09	11.5176657304051
hsa-mir-3677	0.973645720425016	-Inf	6.23980890255587	6.86873885453004e-10	2.05643340095991e-09	11.1741135060625
hsa-mir-142	0.688305915551701	7.85745608129569	6.20692490872427	8.36592972161209e-10	2.48949787473426e-09	10.9639087822116
hsa-mir-877	0.545387522542394	-Inf	6.2018770245808	8.70476321526706e-10	2.57472213174465e-09	10.9743123351668
hsa-mir-543	-0.662106305522891	-Inf	-6.19678093903229	8.9425612542643e-10	2.62922010529567e-09	10.8997892126085
hsa-mir-19a	0.648916279228224	4.05098940969733	6.11943603113535	1.42062475396321e-09	4.151944965452e-09	10.4474951347453
hsa-mir-7156	1.00068387668984	-Inf	6.07773618013429	1.8880581807266e-09	5.48542347181516e-09	10.2636465510888
hsa-mir-1262	-0.826630044012064	-Inf	-6.10550634190506	2.20849121145208e-09	6.37864226366453e-09	10.131545770088
hsa-let-7i	0.325550830417563	8.06344814488963	6.03877284470955	2.30136260586902e-09	6.60800607884029e-09	9.97733044439691
hsa-mir-5694	0.999799051972224	-Inf	6.0239036920689	2.75954504954948e-09	7.87753848446972e-09	9.94761592719881
hsa-mir-4326	0.848516274488448	-Inf	6.0104327818888	2.87839656469078e-09	8.16932204198366e-09	9.91590820643221
hsa-mir-3127	0.595584614517516	-Inf	5.99544014389119	2.98045403162818e-09	8.41036166396228e-09	9.73146469743753
hsa-mir-5684	0.584735550598017	-Inf	6.0011364107712	3.04019440112844e-09	8.52991686259465e-09	9.83209315771515
hsa-mir-150	-0.729827390123024	9.52170872470781	-5.98580328528835	3.14952341036538e-09	8.78645451414432e-09	9.67170432906665
hsa-mir-545	0.600141873681008	-Inf	5.97333590851261	3.5237635038074e-09	9.77495977609849e-09	9.64349446048957
hsa-mir-203b	1.2602825715819	-Inf	5.92634764711169	4.50591962094135e-09	1.24292501903495e-08	9.34210665289835
hsa-mir-629	0.419225179412604	6.31801111225532	5.91226394291068	4.84934364866377e-09	1.33018309022006e-08	9.25150565297404
hsa-mir-944	-1.04404379212624	-Inf	-5.87086726307685	6.31266925703543e-09	1.72195589178022e-08	9.00548792054499
hsa-mir-376b	-0.762293126193042	-Inf	-5.8689481628603	6.67901223015815e-09	1.81182044475561e-08	8.97762061986351
hsa-mir-205	-1.32194638703131	7.88202520199276	-5.85583461238059	6.73193216181441e-09	1.81614213815982e-08	8.93232193712704
hsa-mir-1228	-0.965235762150287	-Inf	-5.85452653386751	7.4819714446203e-09	2.00745791219047e-08	8.92305124766148
hsa-mir-93	0.361886163145725	11.0249873984644	5.80558011367906	8.9950532366095e-09	2.40031040172569e-08	8.650446445449
hsa-mir-3170	0.592790083931014	-Inf	5.79794392990913	9.9300483975988e-09	2.63548852066e-08	8.70451819100048
hsa-mir-5699	0.408670804253319	-Inf	5.6895484371274	1.77881512103108e-08	4.69568937863581e-08	8.0405094204651
hsa-mir-505	-0.382071734447633	3.96572153232785	-5.5741933171136	3.32099274475861e-08	8.71982586992768e-08	7.38168129130696
hsa-mir-185	0.441384361665742	5.38773195864433	5.56487800650667	3.49689337086211e-08	9.13284385687924e-08	7.33160671414189
hsa-mir-605	-0.48023151110956	-Inf	-5.44501685340605	6.95502835018011e-08	1.80683540737483e-07	6.67895635345506
hsa-mir-433	-0.687609220743121	-Inf	-5.44448123864504	7.02840755626373e-08	1.81628847901342e-07	6.67659039445273
hsa-mir-125a	-0.532746471418924	9.12597352872023	-5.3954995044005	8.82083339253586e-08	2.2675545527409e-07	6.43473601248202
hsa-mir-487b	-0.59002409470456	-Inf	-5.35906291576364	1.07372919769641e-07	2.74583872952571e-07	6.24461302123569
hsa-mir-330	0.476265711659703	4.59907142890032	5.33826675688862	1.19901686474305e-07	3.05034860408725e-07	6.1375406840669
hsa-mir-375	0.536764526675956	11.0497499436436	5.29990882893682	1.47054120799735e-07	3.72183367591083e-07	5.9400185449808
hsa-mir-2110	-0.507466763158049	-Inf	-5.18087114341259	2.81264060027613e-07	7.0820847935158e-07	5.38142420301074
hsa-mir-129-2	-0.87826333961236	-Inf	-5.18064923223065	2.96680136227809e-07	7.4321401473395e-07	5.31464122400766
hsa-mir-21	0.0699375877284368	12.2507119997232	5.1351741667363	3.48199938945877e-07	8.6784857879404e-07	5.10692945796526
hsa-mir-3200	0.669536785032841	-Inf	5.03261328831485	5.97892266569229e-07	1.48265203477521e-06	4.65210541104015
hsa-mir-106a	0.50308978057627	-Inf	4.99372149353737	7.16281823143725e-07	1.76730841790738e-06	4.41121403361022
hsa-mir-6503	-0.323094710724173	-Inf	-4.96697792155004	8.4014930273908e-07	2.06256653822444e-06	4.29609989005088
hsa-mir-3678	0.696142505001236	-Inf	4.92659769635833	1.07652191301915e-06	2.62971273279804e-06	4.29924583695424
hsa-mir-15b	0.400980553865568	8.7671359719564	4.86625005211366	1.35089227765405e-06	3.28360449667394e-06	3.80022999767905
hsa-mir-223	-0.418656788664434	6.50871055156548	-4.86224050334761	1.37780941837883e-06	3.33253411046308e-06	3.78125025086171
hsa-mir-488	-0.510900078645686	-Inf	-4.86306956298503	1.54793560672028e-06	3.72566854362576e-06	3.77516899471907
hsa-mir-194-2	0.409755316055592	5.95152642465684	4.83489023000913	1.57569341283975e-06	3.77397788148448e-06	3.6521792555548
hsa-mir-556	0.806961047706196	-Inf	4.8365937208931	1.62562577894651e-06	3.87467115273173e-06	3.75429984125823
hsa-mir-455	0.469608673150407	7.03712086887808	4.81038985540149	1.77597386134161e-06	4.21257568076682e-06	3.53714325121276
hsa-mir-323a	-0.371841178301158	-Inf	-4.81029691791243	1.78603881980139e-06	4.2160820217427e-06	3.5396036192699
hsa-mir-369	-0.467783154008654	-Inf	-4.79285922219185	1.93588156709366e-06	4.54793229398558e-06	3.45466603282171
hsa-mir-589	0.368865667657247	5.47905707693056	4.73667308578269	2.53742245576323e-06	5.93273536085592e-06	3.19436599136977
hsa-mir-660	0.326644688096708	3.65676393779748	4.69539150531801	3.09209360756849e-06	7.19534578822811e-06	3.0046053166819
hsa-mir-4501	1.41851338335354	-Inf	4.71822126329054	3.12318827248361e-06	7.23342189523326e-06	3.53262217461041
hsa-mir-500b	0.379566941761015	-Inf	4.64624675258769	3.90616780440524e-06	9.00435864771349e-06	2.78059429314408
hsa-mir-376a-2	-0.569604908062076	-Inf	-4.63252656480834	4.94199630710513e-06	1.13388793775169e-05	2.76993257173515
hsa-mir-3913-1	0.670180470083499	-Inf	4.59508229376222	5.01616568536112e-06	1.14555225651735e-05	2.58751905272142
hsa-mir-378d-1	-0.466570984914152	-Inf	-4.64254456470807	5.54150074331395e-06	1.25386030643647e-05	2.73833170438892
hsa-mir-708	0.357247074687889	4.97944477996161	4.57248899330771	5.52042937832029e-06	1.25386030643647e-05	2.44901038095667
hsa-let-7f-2	0.276758666274851	10.8062807153521	4.55374251702457	6.02357474598922e-06	1.3566858716884e-05	2.36549837301312
hsa-mir-28	-0.351524438604335	8.95110055869483	-4.53713700245496	6.50572604992395e-06	1.45858972169528e-05	2.29179711173004
hsa-mir-190a	-0.63651816087064	-Inf	-4.52212016716867	6.98174938437095e-06	1.5581995216937e-05	2.22482413615308
hsa-mir-1271	-0.391922446189581	-Inf	-4.50110514047549	7.73667830614277e-06	1.71887287254122e-05	2.135379070541
hsa-mir-3912	0.629538586440424	-Inf	4.50656955622338	7.81928286541983e-06	1.72939994906357e-05	2.35439520546328
hsa-mir-2355	-0.428770177695322	5.13384385913471	-4.40232011210706	1.20460088361339e-05	2.65228266302319e-05	1.70294730771252
hsa-mir-450a-2	0.615229944818062	-Inf	4.37941088464006	1.33555865590149e-05	2.92251186294245e-05	1.60452019332174
hsa-mir-99b	-0.263377308486461	12.003072131677	-4.37876896623669	1.33923659707139e-05	2.92251186294245e-05	1.60182295898956
hsa-mir-30e	0.343659577598604	10.9631922744958	4.37483486045145	1.36308440717481e-05	2.96139134479129e-05	1.58498120094071
hsa-mir-203a	0.679728712289242	8.8118780064752	4.36344552465084	1.43443375677544e-05	3.10267389681384e-05	1.53630555204243
hsa-mir-3913-2	0.651377748329807	-Inf	4.3549231672464	1.50317456828144e-05	3.23709961853591e-05	1.58598173013097
hsa-mir-3074	0.420141792574247	-Inf	4.32877036272694	1.67449792752223e-05	3.59029904984024e-05	1.39463218916565
hsa-mir-218-1	-0.289683661552969	-Inf	-4.29740905466266	1.9240343685832e-05	4.10739510858413e-05	1.25642990440904
hsa-mir-410	-0.466853638133978	-Inf	-4.27100449707796	2.16283346869071e-05	4.59719148539886e-05	1.14543576084992
hsa-mir-20b	0.539127303212046	-Inf	4.21704297423915	2.7359772678789e-05	5.79036568331267e-05	0.921365876131542
hsa-mir-345	0.508374661653641	3.74904188130249	4.2147632316074	2.76256700391295e-05	5.82154677648608e-05	0.912023489156511
hsa-mir-1266	0.464403470888409	-Inf	4.21083437474345	2.81102883770899e-05	5.89835538168851e-05	0.895700651412168
hsa-mir-20a	0.292207383818114	7.3028457840768	4.17799056642979	3.23878644872372e-05	6.76699636733339e-05	0.7608262998346
hsa-mir-4660	0.513751701311219	-Inf	4.17931538386538	3.34152367287062e-05	6.95206831940455e-05	0.926910635779009
hsa-let-7e	-0.367046267476715	7.6545627394824	-4.15703100856064	3.54417103780335e-05	7.34256531460524e-05	0.675216833134567
hsa-mir-502	0.29558319101188	2.88354469689975	4.15480818713596	3.57811862447902e-05	7.38174892697142e-05	0.666161964560996
hsa-mir-2114	1.31294798605517	-Inf	4.10415994487174	4.8463000177989e-05	9.95620631271657e-05	1.04991420758908
hsa-mir-27a	0.401153838913128	9.14745359752071	4.08094949063626	4.8991816022049e-05	0.000100229090278442	0.367939874274056
hsa-mir-301b	0.832106873306987	-Inf	4.07696335767852	5.18736997649405e-05	0.000105684591637285	1.02448642394245
hsa-mir-6820	-0.274193243396995	-Inf	-4.04231402393809	5.82810961700844e-05	0.000118248009171535	0.229065605721315
hsa-mir-4638	0.75361210457203	-Inf	4.03311932202089	6.09093682480656e-05	0.00012307201567819	0.349019506668125
hsa-mir-450a-1	0.580778101794695	-Inf	3.99845724646957	6.91943300309602e-05	0.000139239410021317	0.046770617897832
hsa-mir-548e	0.479875867046307	-Inf	3.97420629542873	7.82315409087477e-05	0.000156782394229368	0.115931600930342
hsa-mir-3199-1	-0.267616477098808	-Inf	-3.95548085288521	9.10004436740481e-05	0.000181630966845356	-0.0412572965450764
hsa-mir-643	0.39550151260697	-Inf	3.90917858623136	0.000100099521182974	0.000198983258707854	-0.282218637994323
hsa-mir-30c-1	0.276894321255066	6.45065692354409	3.90494325376789	0.00010156730477457	0.000201086881630299	-0.321953363569253
hsa-mir-10b	-0.229387474521842	12.0504604102827	-3.90314112884793	0.00010231359905611	0.00020175091219498	-0.328865454022655
hsa-mir-1277	1.01012428637709	-Inf	3.9077916385668	0.000104309321124188	0.000204863506687905	0.207383816663633
hsa-mir-4664	0.694307380874921	-Inf	3.87159365313115	0.000120309824096234	0.000235347106100602	-0.20687030250139
hsa-mir-487a	-0.352960919059736	-Inf	-3.8419950541622	0.000131263166796811	0.000255754821020771	-0.555938451877942
hsa-mir-484	0.308141440712022	5.80801785886963	3.82637125357858	0.000139379229838301	0.000270494868974726	-0.620455516069675
hsa-mir-618	0.469422946417781	-Inf	3.78559525367705	0.000164998880959114	0.000318954529728051	-0.743452711375356
hsa-mir-4714	0.386104746126987	-Inf	3.77295643791292	0.000177779334786537	0.000342312366196822	-0.623010207093634
hsa-mir-382	-0.320107941495645	-Inf	-3.73855283914742	0.000197239325203561	0.000378298862011518	-0.947141061732601
hsa-mir-542	0.394504785150574	5.8599418580848	3.71337502992452	0.000217585741824362	0.000415698829711136	-1.03944871094509
hsa-mir-7-2	0.368302951680761	-Inf	3.70911074069918	0.000222950168518045	0.000424296638536279	-0.999470439580506
hsa-mir-129-1	-0.441625828264429	-Inf	-3.7064568117559	0.000228527762472479	0.000433232167467131	-1.03472502810762
hsa-mir-424	0.334560647532596	5.19952394741324	3.68626356299004	0.000241712282850169	0.000456464349536281	-1.1381697252678
hsa-mir-181d	0.505147568400881	-Inf	3.56518255687644	0.000383507287395061	0.000721463900808333	-1.57048714296368
hsa-mir-3157	-0.255149158348767	-Inf	-3.58582021263042	0.000388627792284857	0.000728306282488034	-1.23142945805983
hsa-mir-449a	1.58258935511965	-Inf	3.55949124239934	0.000402286020955016	0.000751035879425524	-0.948174687679773
hsa-mir-323b	0.358526420602895	-Inf	3.52661223241434	0.0004444252345498	0.000826563599105879	-1.66824509392632
hsa-let-7g	0.262469815142653	6.9674753290606	3.51983452810097	0.000454301989917807	0.000841744441696768	-1.72880746678541
hsa-mir-378d-2	-0.326274306344585	-Inf	-3.5180194208239	0.000490282025205868	0.000904994264571734	-1.59084543362137
hsa-mir-1226	0.399602456841407	-Inf	3.48074018469489	0.000535198719857269	0.000984204387452881	-1.61967640743666
hsa-mir-3690-1	0.710229461887585	-Inf	3.45543680629094	0.000590136295432939	0.0010811825412596	-1.4339299070165
hsa-mir-514a-2	0.471921698297667	-Inf	3.38550865566713	0.000748577076633761	0.00136636187593746	-2.12778496195055
hsa-mir-6837	-0.251189845771361	-Inf	-3.38035732196904	0.000756482743780123	0.00137567787850385	-2.20324819965986
hsa-mir-2115	0.705285340675949	-Inf	3.34052784483314	0.000904119740142256	0.00163206908974209	-2.07939218779536
hsa-mir-217	-0.621669044767433	-Inf	-3.33054496222493	0.000903544364057092	0.00163206908974209	-2.36823394480312
hsa-mir-376a-1	-0.433279197067492	-Inf	-3.3262160790108	0.000926841895511822	0.00166695740181797	-2.3718192670112
hsa-mir-199b	0.306450639646045	9.00300470883728	3.31960490733228	0.000939056711065957	0.001682762208516	-2.40423068615162
hsa-mir-1180	0.584155491992124	-Inf	3.31703488170781	0.000947939050219491	0.00169250208602825	-2.40660957844817
hsa-mir-199a-2	0.185407419351419	9.91562156424841	3.3071116388654	0.000981404955482037	0.00174590519254232	-2.44509658486474
hsa-let-7a-1	0.0865724488378294	12.2239095245761	3.27024311013071	0.00111692636996231	0.00197982255469853	-2.56481865905686
hsa-mir-34a	0.226479891669674	5.34725336702013	3.26145683691441	0.00115168505599598	0.0020340912319929	-2.5931568666663
hsa-mir-3651	0.588780271657547	-Inf	3.25365943851202	0.00119971715279983	0.00211133018646853	-2.38993083888498
hsa-mir-140	-0.267803525210276	8.46619654368826	-3.22718662626758	0.00129705060981427	0.00227447089078145	-2.70297686962251
hsa-mir-6718	0.309443073987581	-Inf	3.22240061741439	0.00132109288832145	0.00230838650592824	-2.69921671320561
hsa-mir-339	0.290414584219662	7.17630026951039	3.20817770843086	0.00138481986981982	0.00241115800028912	-2.7634032692315
hsa-let-7b	-0.24984280323491	11.9778674921868	-3.20447033596535	0.00140256460141565	0.00243150833845731	-2.77514780950217
hsa-mir-222	-0.233224920076261	4.14855532543848	-3.20367219255611	0.00140641215503437	0.00243150833845731	-2.77767450351709
hsa-mir-1269a	1.91792808546067	-Inf	3.21103458080738	0.00143224262923866	0.0024588501082384	-2.237979572967
hsa-mir-519a-1	0.575019270342939	-Inf	3.20114829938713	0.00142945473387693	0.0024588501082384	-2.7188235153146
hsa-mir-4662a	-0.403599128437023	-Inf	-3.17965784667176	0.00152689835136227	0.0026122198275919	-2.853381403388
hsa-mir-4652	1.03261708989664	-Inf	3.18303840742511	0.00161520987441007	0.00275370850116439	-2.20618614549346
hsa-mir-3926-1	-0.25879986009141	-Inf	-3.15424847713899	0.00168400891946765	0.00286106705695022	-2.8497726132518
hsa-mir-579	0.411995663984784	-Inf	3.14697773811105	0.00171853658408157	0.00290966021649672	-2.87464783858886
hsa-mir-1307	0.303599621891244	7.60552757146576	3.10262273242891	0.00198029720050565	0.0033413262042896	-3.09259947567652
hsa-mir-4742	0.499804255373925	-Inf	3.10310033799328	0.00199256236613577	0.00335050726634474	-2.95005744790627
hsa-mir-4786	0.269323324111095	-Inf	3.08090092773829	0.00215242439150374	0.00360696374139365	-2.96566114931002
hsa-mir-3150b	0.534835863073599	-Inf	3.07101134556051	0.00222597436910164	0.00371752862322757	-2.89490065779769
hsa-mir-449b	0.969165724929085	-Inf	3.06164054798001	0.00235910159608759	0.00392650469043731	-2.42110080324954
hsa-mir-3664	0.77426344206936	-Inf	3.04317902526975	0.00245275114218048	0.00406858382030614	-2.46737421248076
hsa-mir-514a-3	0.406082857051205	-Inf	3.0336181815177	0.00249738881471046	0.00412867982499272	-3.28068054923526
hsa-mir-934	-0.512273352684802	-Inf	-2.94850341450701	0.00328284910687424	0.00540898963582299	-3.51585595942414
hsa-mir-653	-0.493721619427764	5.68950620514626	-2.93372820348727	0.00343744361966631	0.0056447652751042	-3.59691218399652
hsa-mir-504	-0.291221326762006	-Inf	-2.92125540196019	0.00358507195410031	0.00586756776487751	-3.63010597896894
hsa-mir-151b	-0.334590139777029	-Inf	-2.88533572043851	0.00401302051683002	0.006546156391241	-3.72243515079478
hsa-mir-491	-0.228306313090469	-Inf	-2.87808298846082	0.00409953266077358	0.00666513422662195	-3.75693274893119
hsa-mir-380	0.311856792617747	-Inf	2.87852188125927	0.00412815365547405	0.00668951631959656	-3.60279209094561
hsa-mir-1224	0.961700364520302	-Inf	2.88172531464555	0.00418071151391218	0.00673026017485535	-3.32964971296614
hsa-mir-6802	-0.194192679013028	-Inf	-2.87337939543572	0.00417430630609898	0.00673026017485535	-3.74191883556246
hsa-mir-526b	-0.388186205928032	-Inf	-2.83478167215783	0.004702463199636	0.00754545565693227	-3.86449184235123
hsa-mir-500a	-0.17556355959147	5.79347291147966	-2.81766471269738	0.00494743321770514	0.00791267006479877	-3.92743191821208
hsa-mir-25	-0.118175578991841	12.1518897779651	-2.80024108130554	0.00521997541606605	0.00832145431587152	-3.97591966757984
hsa-mir-548v	0.37650864328891	-Inf	2.79633509005889	0.00528817676625461	0.00840289576773791	-3.9732958835083
hsa-mir-423	0.164071384650994	5.53253185456908	2.70495325438947	0.00696537836167631	0.011032260566397	-4.23586601616226
hsa-mir-550a-1	0.243991019855841	-Inf	2.69370254336407	0.00720476098826747	0.0113747191165252	-4.25954627564011
hsa-mir-221	-0.250212178974767	4.91535574712837	-2.69191937076173	0.0072411336432962	0.0113955019835206	-4.27073486229811
hsa-mir-744	0.217230084672173	5.61371787557979	2.6900397211564	0.00728170059390072	0.0114186526767059	-4.27574972295452
hsa-mir-409	-0.227390283239775	5.53822450591584	-2.68908626330043	0.00730235629426815	0.0114186526767059	-4.27829220906555
hsa-mir-212	-0.415134882550915	-Inf	-2.67952432398029	0.00751390895240144	0.0117121564940607	-4.29743833975517
hsa-mir-889	-0.417859011134333	5.44667928339078	-2.67451614833568	0.00762462164964428	0.0118135121712944	-4.31703453062089
hsa-let-7a-2	0.173951713962674	10.176875808469	2.6744083116151	0.00762705368289273	0.0118135121712944	-4.3173204995204
hsa-mir-576	0.321935333765698	5.36984326484704	2.64952301877914	0.00820727339086408	0.0126722365877807	-4.38300969902561
hsa-mir-187	0.764910750712386	-Inf	2.64269775760657	0.00838209807201129	0.0129015992268262	-4.38679417387808
hsa-mir-324	0.215046445389932	4.9097833955903	2.61306127948964	0.00912894232989625	0.0140072208874346	-4.47816564177552
hsa-mir-1248	0.460582448476736	-Inf	2.60579876396768	0.00934979757212908	0.0143014037629763	-4.39286508262464
hsa-mir-3173	0.235184322957595	-Inf	2.58042454089832	0.0101720975449919	0.0155108692378603	-4.31619584401013
hsa-mir-23b	0.14850105939064	6.87003414667119	2.56085958624525	0.01060961299529	0.0161279256368031	-4.61213911053892
hsa-mir-514a-1	0.363076205039784	-Inf	2.53464358051115	0.0114677511346164	0.0173785981700514	-4.60115597297446
hsa-mir-4446	0.783514154757687	-Inf	2.49525907470182	0.0129666648010651	0.0195896382071475	-3.78767868093461
hsa-mir-133b	-0.400743383110566	-Inf	-2.50182360561233	0.0130902601966337	0.0196554059833246	-4.45417165417169
hsa-mir-3928	0.243035293946692	-Inf	2.48811557562471	0.0130506942197188	0.0196554059833246	-4.66867204705195
hsa-mir-9-3	0.344891720494115	6.55670157642614	2.48244056425414	0.0132368506939576	0.0198149197888207	-4.80839213121645
hsa-mir-664a	-0.192535953712535	7.34796264860847	-2.46919074143254	0.013733619976229	0.0204960711499345	-4.84095729689345
hsa-mir-1288	0.398212716728877	-Inf	2.47008537919239	0.0138394025253665	0.020591353454409	-4.38599526070707
hsa-mir-127	-0.193451258587294	6.98590356556476	-2.40673197499877	0.0163041662809279	0.0241853342717087	-4.99215226335094
hsa-mir-1287	-0.163056847850146	4.01029673423165	-2.40019544050676	0.0165962472727186	0.0245444500328459	-5.00775446647849
hsa-mir-30b	-0.24491594488863	8.22518085977606	-2.38394168233323	0.0173425754741133	0.0255711848582271	-5.04636941153706
hsa-mir-3615	0.475689762441814	-Inf	2.36926857068264	0.0180545804197096	0.026541314329573	-5.02873868067259
hsa-mir-135b	0.407023879376623	-Inf	2.36311715582691	0.018362623326181	0.0269135762780743	-5.0216342936671
hsa-mir-942	0.216624022112505	2.98128678758479	2.34639031817192	0.019180544308206	0.028028712069432	-5.13459183576288
hsa-mir-508	0.34241716002392	-Inf	2.34462765684013	0.0192732230687941	0.0280805712960769	-5.138253422453
hsa-mir-199a-1	0.161144330426835	7.90216944521926	2.3409438397562	0.0194608183248048	0.0282700053179857	-5.14727284955461
hsa-mir-607	-0.172138744064686	-Inf	-2.32807013937631	0.0201730590702633	0.0292182064999978	-5.13415680214612
hsa-mir-92a-1	0.176187354473206	9.32113639635877	2.30959076349279	0.0211449728916753	0.0305358284994487	-5.21970610682398
hsa-mir-147b	0.695870342593055	-Inf	2.30105669359976	0.0217594469370589	0.0313310511615716	-4.53781639612194
hsa-mir-146b	-0.21484110215315	6.81685992155066	-2.29742488782751	0.0218319474769451	0.031343526933275	-5.24755246156805
hsa-mir-27b	0.205920259957694	7.06276657928324	2.27029491117018	0.023434334235488	0.0335459420105674	-5.30912669723741
hsa-mir-1304	0.533617082115241	-Inf	2.26903871910343	0.0239462732947358	0.0341791284526606	-4.69893311672517
hsa-mir-4521	-0.226863455497818	-Inf	-2.26015051137841	0.0241090020886308	0.0343116522478775	-5.24014866074725
hsa-mir-6499	-0.263494305279268	-Inf	-2.2513884142609	0.0246956521942892	0.0350449862063468	-5.31320201636147
hsa-mir-361	0.146804663191688	7.85046245854906	2.2406143654044	0.0253035719748781	0.035804189739669	-5.37566173470943
hsa-mir-1291	0.257989384803993	-Inf	2.23664025606183	0.0257771093047617	0.0362728240211206	-5.11462189792653
hsa-mir-509-1	0.220115469835299	-Inf	2.23374598664672	0.0257825164630775	0.0362728240211206	-5.36818260550914
hsa-mir-216a	0.285466815778028	-Inf	2.22657456960513	0.0265117078966803	0.0371921387922001	-5.03021421603253
hsa-mir-29a	-0.101181612062847	12.1673889052105	-2.2082982583482	0.0274844800643883	0.038446950745341	-5.44712067649472
hsa-mir-138-1	0.430713640414913	-Inf	2.17309806272703	0.030547301473975	0.0426100142719367	-5.01934537001127
hsa-mir-196b	-0.281655161299398	5.63326804469822	-2.14512899740453	0.0322197496256502	0.0448155724254794	-5.58383852035471
hsa-mir-4473	0.267746142323884	-Inf	2.11951541740192	0.0344785149914822	0.0478218950870559	-5.21464463278391
hsa-mir-132	0.225053632899639	7.73924305992875	2.11646753628794	0.0345894303141568	0.0478405923500028	-5.64457615012069
hsa-mir-202	-0.22387400884226	-Inf	-2.11424311527182	0.0349801002624567	0.0482450259237816	-5.5514521787404
hsa-mir-3136	0.322932324168085	-Inf	2.10954833242025	0.03544039528153	0.048742952614093	-5.21464336666173
hsa-mir-1251	0.819160159569978	-Inf	2.05950793764075	0.0404978616089213	0.055543156564191	-4.92237062057541
hsa-mir-642a	0.296199920894071	-Inf	2.04454242525701	0.0412036419354712	0.0563537275496277	-5.79311727443351
hsa-mir-3682	0.4181581519313	-Inf	2.03394353865858	0.0424056151466532	0.0578365473250186	-5.49736005425667
hsa-mir-639	0.234638610596973	-Inf	2.00587350308776	0.0452298485740072	0.0615176056782204	-5.80132200629131
hsa-mir-9-1	0.249704398310305	7.50770499517337	1.99000591432158	0.0469039568147203	0.0636183502652698	-5.90290626017467
hsa-mir-509-2	0.196835978757807	-Inf	1.9717922746594	0.0489809233465251	0.0662524335072832	-5.90412547900527
hsa-mir-509-3	0.196168686018037	-Inf	1.96290144120421	0.0499977828463749	0.0674420642240936	-5.93524255324569
hsa-mir-6514	0.132125145916235	-Inf	1.95899646496092	0.0504440410249285	0.067857600392438	-5.95638093410755
hsa-mir-517b	-0.233349564763596	-Inf	-1.95235144877096	0.0514089880911323	0.0689667026031311	-5.89547532932772
hsa-mir-1270	0.325972391988944	-Inf	1.941586797631	0.0525658397479718	0.0703265049489214	-5.97196853694436
hsa-mir-101-1	0.179083631621633	8.88472557092078	1.9312275060718	0.0537805926523553	0.0715771715715237	-6.01760930438124
hsa-mir-664b	-0.137016885158921	2.72197459915489	-1.93113365906918	0.0537922124437724	0.0715771715715237	-6.01778971635459
hsa-mir-449c	0.61410920636352	-Inf	1.91080075014412	0.0568808783906407	0.0754824629454178	-5.04744630052264
hsa-mir-3922	0.213181398851329	-Inf	1.89809924902454	0.0581860964344848	0.0770063971680109	-5.6246824854095
hsa-mir-581	0.195285074421359	-Inf	1.87103283058941	0.0617475737972445	0.0815001578882985	-6.05254492325076
hsa-mir-372	0.261299617100395	-Inf	1.84128941177081	0.0662995398662298	0.0872736570357074	-5.75054913798819
hsa-mir-3940	0.191914652333005	-Inf	1.82988435010315	0.0677041874938842	0.088884374490634	-5.9983980389287
hsa-mir-3610	0.385322850634718	-Inf	1.79123076789266	0.0737609701944921	0.0963208413975948	-5.44280052828446
hsa-mir-153-1	0.295579913107722	-Inf	1.79113165561298	0.0737071698749513	0.0963208413975948	-6.16080008225191
hsa-mir-7702	-0.202849071415253	-Inf	-1.77450493000187	0.07638042186772	0.0994768889576937	-6.26352282841731
hsa-mir-9-2	0.29726691635855	9.17578774974061	1.76689960632027	0.0775968062389167	0.100793735088117	-6.32018700627661
hsa-mir-550a-2	0.222579907775414	-Inf	1.74982714208034	0.0805039401454537	0.104294022721419	-6.34386835559382
hsa-mir-149	0.285880843431769	7.8282657825962	1.74072771567734	0.0820860535268351	0.106063821793884	-6.3659134139096
hsa-mir-616	0.268339342563173	-Inf	1.73306074044062	0.0834428896803754	0.1072525100342	-6.37290140292943
hsa-mir-136	0.135467601616144	-Inf	1.73348803981462	0.0833648668517562	0.1072525100342	-6.37838805812289
hsa-mir-18b	0.261260147909018	-Inf	1.72182348447006	0.085779573894556	0.109968069927486	-6.00745633783775
hsa-mir-6806	0.123845020115594	-Inf	1.70840539735777	0.0879228082284131	0.112422132396226	-6.41500539139099
hsa-mir-652	-0.121588467794617	3.60041514703192	-1.69318148876186	0.0907801323786058	0.115774142851676	-6.44725022835262
hsa-mir-4999	0.229920492158976	-Inf	1.64982777097521	0.0994503526250249	0.126502909686236	-6.43630403577803
hsa-mir-1295a	-0.174598101367482	-Inf	-1.64149202040889	0.101264849544369	0.128478142445182	-6.44540340717169
hsa-mir-3117	0.305473262332183	-Inf	1.59065374273525	0.1123513390318	0.142176565630447	-5.87372680274521
hsa-mir-197	-0.128048755167806	7.26649570213915	-1.57088166543475	0.116574968234908	0.147142183556143	-6.64618343837574
hsa-let-7d	0.13157719727227	6.77949052569581	1.52354741263466	0.127986436912412	0.161131642369217	-6.71919899725578
hsa-mir-29b-1	0.0894660411938504	7.45130016047941	1.52080792084312	0.128672621611685	0.161581220489354	-6.72335679557637
hsa-mir-152	0.13185471660174	7.02854649688738	1.51130633825446	0.131074775531058	0.164177843841197	-6.7377199185035
hsa-mir-329-2	-0.126799860925701	-Inf	-1.50421729558014	0.133177598066282	0.166387279009019	-6.6175064227467
hsa-mir-2116	0.133927165585737	-Inf	1.50125262225534	0.133965961401228	0.166669571542101	-6.48757197715221
hsa-mir-5001	0.161763958088098	-Inf	1.49991390913097	0.134082445537942	0.166669571542101	-6.71399164501575
hsa-mir-31	0.171875535175247	-Inf	1.49488074973492	0.135333096247151	0.167376700900128	-6.72870928361796
hsa-mir-501	0.121823082958912	5.62128574491464	1.49535514331629	0.135185644062198	0.167376700900128	-6.76163128117474
hsa-mir-4491	-0.160979427544582	-Inf	-1.47914190087518	0.139712535841828	0.172358932407884	-6.59807798019143
hsa-mir-624	-0.16273923362382	-Inf	-1.46679393268808	0.142798945763749	0.17572501847118	-6.79729982417973
hsa-mir-3129	-0.150954097992	-Inf	-1.44385078765516	0.149410935700583	0.183401923572465	-6.5942757617494
hsa-mir-6509	0.149928128289284	-Inf	1.43358400230134	0.152060893504371	0.186189273592633	-6.84464681323237
hsa-mir-30c-2	-0.145357783953615	8.32744852241893	-1.41251232763053	0.158157988532696	0.193173065595905	-6.8817548690121
hsa-mir-627	-0.167122560937206	-Inf	-1.38554618405878	0.166248513436778	0.202550918355975	-6.91847877420656
hsa-mir-5187	-0.103375671299718	-Inf	-1.37441923323837	0.169788130477687	0.206351416001347	-6.84278691116441
hsa-let-7a-3	-0.16116051188842	10.2422474973468	-1.3421842798104	0.179887587233124	0.218085939090035	-6.9783844111331
hsa-mir-16-2	0.125619057102787	9.32567246756224	1.31807206746807	0.18782763314509	0.227151152399604	-7.01038313578527
hsa-mir-30d	-0.149168556610603	9.35664292448148	-1.3109453172236	0.190223331919295	0.229483184207306	-7.01973025675153
hsa-mir-517a	-0.14881494959469	-Inf	-1.28410293669159	0.199564117916085	0.240161720335289	-6.98298280087618
hsa-mir-582	-0.116253195628348	8.3209463429517	-1.28166897767572	0.200301417078704	0.240459647397662	-7.05759815847981
hsa-mir-194-1	0.121633531721562	5.88506934024171	1.21509472789685	0.22466073902738	0.269044933810838	-7.14053755852845
hsa-mir-3130-1	0.161174727316383	-Inf	1.15289366195571	0.249306742529186	0.297833602388882	-7.1845650221523
hsa-mir-153-2	-0.200773574611925	-Inf	-1.13626158181653	0.256166208471346	0.305285457183084	-7.20787640277878
hsa-mir-1306	0.111035943079071	-Inf	1.12249339975322	0.261965247950641	0.311440524803304	-7.24232427475341
hsa-mir-885	0.138503091369579	-Inf	1.120555721376	0.262820130801473	0.311702135805612	-7.19577472559152
hsa-mir-6874	-0.0833131714924907	-Inf	-1.11824236113359	0.263788195628028	0.312096395309305	-7.23289677982356
hsa-mir-135a-2	0.358530317416565	-Inf	1.11697682522042	0.264647310802872	0.312360167317812	-7.03616912304354
hsa-mir-214	-0.0952124315081852	-Inf	-1.11142809129881	0.26669257227251	0.314008484324427	-7.26085354477572
hsa-mir-598	0.118406176155812	4.35039409425396	1.10996254058146	0.267322905188616	0.314008484324427	-7.26253461183392
hsa-mir-206	-0.29867569633645	-Inf	-1.10373506642741	0.270804136245909	0.317338498560242	-6.96627683256426
hsa-mir-26a-2	-0.0809371896217758	7.8040321593949	-1.0954788243496	0.273611112241492	0.319864419310887	-7.27847961903085
hsa-mir-338	-0.0848038718200679	6.56315425964003	-1.09234914251403	0.274983086484946	0.320704739819736	-7.2818976206966
hsa-mir-135a-1	0.20871131492909	-Inf	1.07413753190296	0.283421690501245	0.32976315174434	-6.98437077214518
hsa-mir-4444-2	0.112675326280389	-Inf	1.06741508006475	0.286190044603381	0.33219695484695	-6.92661591120845
hsa-mir-34b	0.128266454739437	-Inf	1.06127811520786	0.288877895580908	0.334526053609024	-7.30025474871484
hsa-mir-548aw	0.0837859246007672	-Inf	1.02325927636224	0.30650745092169	0.354106255064823	-7.30544199898305
hsa-mir-16-1	0.0646719559276015	7.61468990919518	1.0078814952061	0.31379253830405	0.361671681472508	-7.37046268611744
hsa-mir-887	0.117162502746692	2.74015444137264	0.994415265240616	0.320298169604574	0.368305389404791	-7.38392534128783
hsa-mir-548b	-0.161694116604374	-Inf	-0.969669697786072	0.332528386282155	0.381475321646118	-7.39385996994652
hsa-mir-329-1	-0.0945093284493998	-Inf	-0.960410090513736	0.337378667633521	0.384345535517538	-7.18446803865249
hsa-mir-5000	-0.0924573905239646	-Inf	-0.962603704734627	0.336019536744999	0.384345535517538	-7.40819558136204
hsa-mir-146a	0.0828543557168915	5.77546846822107	0.960114955778033	0.337265019040682	0.384345535517538	-7.41740031374343
hsa-mir-5010	-0.0992283405301292	-Inf	-0.940356814466277	0.347329062790993	0.394765207940688	-7.40598185577526
hsa-mir-1229	0.18116066429299	-Inf	0.936837701355736	0.349366626300261	0.396164003495216	-7.12741991248811
hsa-mir-95	-0.116421576582323	2.81260758278056	-0.885543307839685	0.376109192432246	0.425506021853071	-7.48613185947006
hsa-mir-615	-0.141077418694968	4.60284798602959	-0.856827798800669	0.39177680734644	0.442212442315178	-7.51112007715342
hsa-mir-3662	0.437074060079874	-Inf	0.854428972453635	0.39338913937326	0.443013916129062	-6.10128637664452
hsa-mir-489	0.0792695702825867	-Inf	0.846421282615943	0.397615511145355	0.446748777968809	-7.43751197368991
hsa-mir-3652	0.152900536964916	-Inf	0.836894999942557	0.402995650691607	0.45175996458808	-7.14278628764014
hsa-mir-193b	-0.0740699847476108	4.95312941910163	-0.823201363656154	0.410619845887644	0.459258187541761	-7.53933653174212
hsa-mir-939	0.105197332663308	-Inf	0.818418243448745	0.413346695274243	0.461257334953758	-7.54251913058355
hsa-mir-10a	-0.0763036761184908	10.9390715239538	-0.811456503677397	0.417326259634682	0.464642162087594	-7.54892608720031
hsa-mir-1292	-0.135054118895049	-Inf	-0.799063984840849	0.424731040955887	0.470911535827201	-7.03632027444528
hsa-mir-577	-0.191733776392888	-Inf	-0.798405614665975	0.424875377538595	0.470911535827201	-7.55459848577293
hsa-mir-4661	0.101390180091765	-Inf	0.795070168896149	0.426792550934829	0.471971041686939	-7.56156614429431
hsa-mir-1245a	0.121809945344322	-Inf	0.726343932754361	0.467839075616634	0.516199968826443	-7.60463508072359
hsa-mir-29c	-0.0450658921788775	7.73995976642119	-0.714541974366994	0.475084436726214	0.523018965095451	-7.62280298155777
hsa-mir-412	-0.0843800690600208	-Inf	-0.668766891977883	0.503829684741045	0.553423658183116	-7.6464467687598
hsa-mir-3926-2	-0.0806692112228014	-Inf	-0.66688868184807	0.505058370562592	0.553534955237127	-7.6152211800513
hsa-mir-3917	0.121845539999096	-Inf	0.655550476029028	0.512315763791332	0.560238396484507	-7.54144104189071
hsa-mir-34c	0.0898250747110262	-Inf	0.627679050756779	0.530379861944949	0.578703360477711	-7.68094014028394
hsa-mir-6720	-0.0613316636408616	-Inf	-0.618409990389637	0.536496687366327	0.58278733074528	-7.58699315905311
hsa-mir-541	-0.0696121179425707	-Inf	-0.618737975485501	0.536277098723698	0.58278733074528	-7.64867341359941
hsa-mir-3605	0.0858570930399787	-Inf	0.596376448613955	0.551085592934845	0.597313523468011	-7.68015672140834
hsa-mir-2277	-0.0976894222174929	-Inf	-0.590741707999845	0.554896635672105	0.5988005453077	-7.52744857398872
hsa-mir-4728	0.118810016494659	-Inf	0.592317434043061	0.553802321414445	0.5988005453077	-7.69950548455587
hsa-mir-625	0.0623398962167963	5.809484967514	0.573360953471263	0.56654899645193	0.610034116793635	-7.71364938369267
hsa-mir-3187	-0.0903842656154403	-Inf	-0.544048413286389	0.586733161522767	0.630385081636058	-7.16789208589976
hsa-mir-374c	0.108375485616537	-Inf	0.522663388233504	0.601582990355011	0.64468210901027	-7.31425116644315
hsa-mir-6777	-0.061552468779545	-Inf	-0.520795989922245	0.602666167078847	0.64468210901027	-7.70328754084652
hsa-mir-496	-0.0474748698451968	-Inf	-0.479941707981346	0.631391445485551	0.673941738550881	-7.75622849165211
hsa-mir-219a-1	-0.0782115214759676	-Inf	-0.466571898316484	0.640928624308976	0.682637645413682	-7.74886914479026
hsa-mir-518b	-0.0422785482789153	-Inf	-0.462317497941408	0.644010034767123	0.684434907079345	-7.67169436053689
hsa-mir-4709	0.0357031976067948	-Inf	0.45514077654899	0.649134937648601	0.688391478154348	-7.72558493064593
hsa-mir-5698	0.0412021022536451	-Inf	0.412979857494361	0.679736935968698	0.71929059388067	-7.72986300900859
hsa-mir-4787	0.0486603986735727	-Inf	0.401061681795779	0.688517010627588	0.727014735953001	-7.72781002832828
hsa-mir-3130-2	0.0546321155457059	-Inf	0.383903280870145	0.701155835861583	0.738771492291925	-7.77417323632555
hsa-mir-362	0.0327592080414647	-Inf	0.378825121180894	0.704910688494833	0.741137361993497	-7.8061056700397
hsa-mir-29b-2	-0.0212521544181388	7.85808049988929	-0.37291225342822	0.709304894615652	0.744163895846763	-7.80843909677949
hsa-mir-628	0.0507448365351259	4.36232743318227	0.368402957076966	0.712662719457933	0.7460925271937	-7.81010980845423
hsa-mir-550a-3	-0.0323002302574575	-Inf	-0.361405183181801	0.717890121844859	0.749966063459204	-7.78534113670429
hsa-mir-19b-1	-0.0333569857101253	5.5374041950631	-0.32820946285853	0.742832535733857	0.774375318567567	-7.82410389817275
hsa-mir-425	0.0286776554974549	6.20968194379241	0.320464765042637	0.748693251749046	0.778831327560978	-7.82661484247328
hsa-mir-22	-0.0211758069553179	11.7391143212664	-0.289510460930947	0.772259988793299	0.801648318176553	-7.83605208670731
hsa-let-7f-1	0.0107822532958754	8.9250532385552	0.262254849048726	0.793187263061861	0.821634907517666	-7.84356884850644
hsa-mir-4772	0.0195251469963998	-Inf	0.226556899856987	0.820821956982493	0.848358270497357	-7.85206665053644
hsa-mir-1976	0.020189356031967	-Inf	0.224474712288835	0.822441011724526	0.848358270497357	-7.85259231168704
hsa-mir-374a	-0.0186320532959613	10.5942753269515	-0.220438425302212	0.825581615683496	0.84981252264276	-7.85365783238303
hsa-mir-24-1	0.0186883516962114	7.19069781167047	0.215362376541884	0.82953544843122	0.851385876170953	-7.85476356143203
hsa-mir-874	-0.0198097768098323	6.30561067759607	-0.214024752158988	0.830578074716673	0.851385876170953	-7.85505065192191
hsa-mir-211	0.0477517547727417	-Inf	0.202150432687281	0.840331908723797	0.857802426576682	-7.08102175416569
hsa-mir-6755	-0.019567906415275	-Inf	-0.20211518571498	0.839875322359865	0.857802426576682	-7.84425513057174
hsa-mir-518c	-0.0214075429590223	-Inf	-0.184906402722286	0.853366201490451	0.869300425169733	-7.74209084443511
hsa-mir-101-2	-0.00987980814757703	9.28622056901261	-0.171297693554278	0.864029661779146	0.878340712077766	-7.86328003321842
hsa-mir-148a	0.011040947591056	12.0112497175995	0.135806220913956	0.892005995717311	0.904906908878512	-7.86872827177064
hsa-mir-138-2	0.026100809392261	-Inf	0.118912117043356	0.905428445238542	0.915491514416672	-7.01376101284303
hsa-mir-19b-2	-0.0088608306617115	7.54281487114784	-0.117906828824403	0.906168790237276	0.915491514416672	-7.87099830232406
hsa-mir-6842	-0.016712310695332	-Inf	-0.111055604698136	0.911598499449995	0.919085961457798	-7.87075665879991
hsa-mir-92a-2	-0.00432693992937037	8.36689652456705	-0.043985492877139	0.96492609514962	0.970858017865704	-7.87698036300455
hsa-mir-363	-0.00568375279681686	-Inf	-0.0412844597852076	0.967078714776831	0.971034046943607	-7.87664523002837
hsa-mir-520a	0.00213150935331314	-Inf	0.0220459200978939	0.982417252091421	0.984422185258955	-7.82649436726099
hsa-mir-30a	0.000730376725952771	11.532725837307	0.00955321767445125	0.992379948615669	0.992379948615669	-7.87790185559469
